datum;p1;p2;n1;n2;Gas;zon;p1+p2;n1+n2
24-12-2023;6772,46;5656,99;5802,19;13216,79;6012,97;4578,81;12429,45;19018,98;
25-12-2023;6790,86;5656,99;5802,19;13216,79;6016,41;4579,11;12447,85;19018,98;
26-12-2023;6797,60;5656,99;5807,38;13216,79;6018,76;4579,52;12454,60;19024,17;
27-12-2023;6799,87;5672,51;5807,38;13216,79;6021,33;4585,73;12472,38;19024,17;
28-12-2023;6801,94;5683,82;5807,38;13218,53;6026,3;4586,69;12485,76;19025,92;
29-12-2023;6804,44;5693,89;5807,38;13218,82;6029,92;4590,41;12498,33;19026,20;
30-12-2023;6811,99;5693,89;5809,49;13218,82;6033,1;4592,11;12505,88;19028,30;
31-12-2023;6821,1;5693,89;5810,43;13218,82;6037,65;4596,40;12514,90;19029,24;
01-01-2024;6827,99;5693,89;5811,28;13218,82;6042,82;4598,62;12521,88;19030,10;
02-01-2024;6830,42;5704,64;5811,28;13218,82;6047,11;4600,75;12535,6;19030,10;
03-01-2024;6832,82;5713,38;5811,28;13220,0;6051,34;4601,18;12546,21;19031,28;
04-01-2024;6835,40;5727,15;5811,28;13221,15;6055,19;4603,57;12562,55;19032,44;
05-01-2024;6836,97;5734,18;5811,28;13221,21;6058,24;4606,4;12571,14;19032,49;
06-01-2024;6847,20;5734,18;5811,28;13221,21;6063,4;4606,57;12581,37;19032,49;
07-01-2024;6857,83;5734,18;5811,50;13221,21;6068,25;4607,3;12592,1;19032,72;
08-01-2024;6863,66;5747,59;5811,50;13222,34;6074,68;4608,38;12611,25;19033,85;
09-01-2024;6869,21;5756,14;5811,50;13233,49;6082,33;4611,31;12625,35;19045,0;
10-01-2024;6874,85;5764,15;5811,50;13244,46;6091,33;4627,85;12639,0;19055,96;
11-01-2024;6879,83;5770,80;5811,50;13248,96;6101,43;4642,86;12650,63;19060,47;
12-01-2024;6883,41;5783,87;5811,50;13248,96;6118,4;4652,69;12667,28;19060,46;
13-01-2024;6898,38;5783,87;5811,50;13248,96;6124,90;4653,86;12682,25;19060,47;
14-01-2024;6910,59;5783,87;5811,51;13248,96;6131,57;4654,65;12694,46;19060,47;
15-01-2024;6914,19;5794,1;5811,51;13249,97;6138,79;4657,8;12708,19;19061,48;
16-01-2024;6918,82;5804,4;5811,51;13257,79;6147,4;4669,43;12722,85;19069,30;
17-01-2024;6923,81;5814,49;5811,51;13257,96;6155,83;4671,36;12738,30;19069,48;
18-01-2024;6928,75;5821,72;5811,51;13267,29;6163,59;4686,92;12750,47;19078,80;
19-01-2024;6933,43;5828,77;5811,51;13277,64;6170,45;4701,97;12762,20;19089,16;
20-01-2024;6947,98;5828,77;5817,55;13277,64;6177,69;4712,86;12776,75;19095,19;
21-01-2024;6960,23;5829,66;5817,77;13277,64;6186,39;4714,46;12789,89;19095,42;
22-01-2024;6962,90;5838,21;5817,77;13285,33;6191,59;4724,87;12801,11;19103,11;
23-01-2024;6963,72;5844,21;5817,77;13288,80;6196,26;4730,84;12807,93;19106,58;
24-01-2024;6965,72;5849,49;5817,77;13292,27;6200,7;4736,20;12815,21;19110,4;
25-01-2024;6967,57;5859,20;5817,77;13292,61;6204,73;4738,19;12826,77;19110,38;
26-01-2024;6969,43;5867,77;5817,77;13301,7;6208,71;4752,42;12837,20;19118,85;
27-01-2024;6974,20;5867,77;5829,11;13301,7;6213,55;4766,21;12841,97;19130,18;
28-01-2024;6981,6;5867,77;5838,68;13301,7;6218,64;4781,21;12848,83;19139,76;
29-01-2024;6982,87;5873,54;5838,68;13309,39;6223,51;4792,59;12856,42;19148,8;
30-01-2024;6984,63;5879,37;5838,68;13309,74;6227,63;4793,91;12864,0;19148,42;
31-01-2024;6986,37;5885,96;5838,68;13314,15;6231,90;4799,90;12872,33;19152,84;
01-02-2024;6988,26;5892,41;5838,68;13324,54;6236,19;4817,36;12880,68;19163,22;
02-02-2024;6990,10;5899,9;5838,68;13325,61;6241,13;4820,19;12889,19;19164,29;
03-02-2024;7000,19;5899,9;5838,80;13325,61;6245,35;4821,82;12899,27;19164,40;
04-02-2024;7009,6;5899,9;5840,51;13325,61;6248,56;4825,66;12908,15;19166,12;
05-02-2024;7011,94;5906,77;5840,51;13327,17;6252,98;4828,69;12918,72;19167,68;
06-02-2024;7013,74;5911,17;5840,51;13328,11;6256,24;4830,93;12924,91;19168,62;
07-02-2024;7015,57;5920,28;5840,51;13330,70;6260,62;4835,60;12935,85;19171,21;
08-02-2024;7017,37;5931,9;5840,51;13330,70;6266,25;4836,42;12948,46;19171,21;
09-02-2024;7017,37;5939,75;5841,39;13333,34;6271,53;4842,42;12957,11;19174,73;
10-02-2024;7026,62;5939,75;5843,56;13333,34;6272,69;4845,38;12966,36;19176,91;
11-02-2024;7035,38;5939,75;5844,16;13333,34;6276,23;4847,42;12975,12;19177,50;
12-02-2024;7038,17;5946,14;5844,16;13342,93;6281,6;4860,30;12984,31;19187,9;
13-02-2024;7038,97;5950,43;5844,16;13349,13;6284,95;4870,20;12989,39;19193,29;
14-02-2024;7041,73;5958,74;5844,16;13349,23;6289,45;4871,15;13000,47;19193,39;
15-02-2024;7043,64;5966,35;5844,16;13353,87;6291,77;4879,3;13009,99;19198,3;
16-02-2024;7045,67;5970,74;5844,16;13356,27;6294,62;4882,47;13016,41;19200,43;
17-02-2024;7051,9;5970,74;5848,32;13356,27;6297,24;4888,84;13021,82;19204,59;
18-02-2024;7062,0;5970,74;5848,44;13356,27;6300,45;4890,23;13032,74;19204,71;
19-02-2024;7064,2;5974,94;5848,44;13357,7;6304,9;4892,71;13038,96;19205,51;
20-02-2024;7066,55;5980,41;5848,44;13362,40;6308,16;4900,57;13046,96;19210,84;
21-02-2024;7068,28;5987,97;5848,44;13363,4;6312,68;4902,80;13056,25;19211,48;
22-02-2024;7070,51;5995,38;5848,44;13363,91;6317,22;4906,28;13065,89;19212,35;
23-02-2024;7073,61;6002,82;5848,44;13369,0;6321,86;4914,17;13076,43;19217,44;
24-02-2024;7082,10;6002,82;5851,25;13369,0;6327,43;4919,99;13084,92;19220,25;
25-02-2024;7089,54;6002,82;5857,47;13369,0;6332,16;4929,77;13092,36;19226,47;
26-02-2024;7092,55;6011,61;5857,47;13369,4;6337,46;4931,61;13104,15;19226,51;
27-02-2024;7095,66;6015,4;5857,47;13387,57;6342,60;4953,34;13110,70;19245,4;
28-02-2024;7098,23;6019,77;5857,47;13391,58;6347,88;4959,69;13118,0;19249,5;
29-02-2024;7100,37;6033,70;5857,47;13391,64;6353,16;4961,58;13134,7;19249,11;
01-03-2024;7102,70;6038,60;5857,47;13397,61;6358,5;4970,56;13141,30;19255,8;
02-03-2024;7106,68;6038,60;5870,22;13397,61;6362,38;4986,34;13145,28;19267,83;
03-03-2024;7113,56;6038,60;5873,79;13397,61;6366,42;4992,51;13152,17;19271,40;
04-03-2024;7115,68;6041,88;5873,79;13412,40;6370,10;5010,61;13157,56;19286,19;
05-03-2024;7117,55;6046,24;5873,79;13413,79;6374,81;5014,65;13163,79;19287,58;
06-03-2024;7119,25;6049,21;5873,79;13428,50;6378,93;5032,18;13168,46;19302,29;
07-03-2024;7121,0;6051,59;5873,79;13445,79;6383,56;5054,48;13172,60;19319,58;
08-03-2024;7122,87;6057,21;5873,79;13465,27;6388,49;5079,31;13180,8;19339,6;
09-03-2024;7128,10;6057,21;5887,16;13465,27;6391,91;5095,97;13185,32;19352,43;
10-03-2024;7136,51;6057,21;5890,51;13465,27;6395,13;5102,2;13193,72;19355,78;
11-03-2024;7138,18;6063,66;5890,51;13465,65;6398,82;5103,60;13201,84;19356,16;
12-03-2024;7139,89;6067,34;5890,51;13469,34;6402,77;5109,43;13207,23;19359,85;
13-03-2024;7141,96;6071,95;5890,51;13470,7;6405,88;5112,18;13213,91;19360,58;
14-03-2024;7143,75;6074,71;5890,51;13486,42;6408,55;5133,53;13218,45;19376,93;
15-03-2024;7145,50;6079,37;5890,51;13492,68;6410,52;5143,58;13224,87;19383,19;
16-03-2024;7149,10;6079,37;5895,79;13492,68;6412,74;5151,54;13228,47;19388,47;
17-03-2024;7154,14;6079,37;5900,77;13492,68;6416,40;5158,85;13233,51;19393,45;
18-03-2024;7156,98;6083,74;5900,77;13505,21;6419,31;5175,73;13240,72;19405,98;
19-03-2024;7157,79;6085,68;5900,77;13520,76;6420,89;5193,89;13243,46;19421,53;
20-03-2024;7159,62;6087,31;5900,77;13533,69;6422,94;5210,17;13246,92;19434,46;
21-03-2024;7161,47;6093,91;5900,77;13535,39;6423,45;5214,60;13255,38;19436,16;
22-03-2024;7163,40;6104,70;5900,77;13535,54;6427,26;5216,75;13268,10;19436,31;
23-03-2024;7168,68;6104,70;5909,24;13535,54;6431,71;5228,45;13273,37;19444,78;
24-03-2024;7174,44;6104,70;5914,4;13535,54;6435,37;5235,79;13279,14;19449,58;
25-03-2024;7176,16;6107,88;5914,4;13554,1;6439,98;5258,26;13284,3;19468,5;
26-03-2024;7178,9;6111,43;5914,4;13559,95;6444,6;5267,2;13289,52;19473,99;
27-03-2024;7179,91;6114,63;5914,4;13569,4;6446,99;5279,83;13294,54;19483,8;
28-03-2024;7181,72;6120,25;5914,4;13578,33;6451,39;5292,70;13301,97;19492,37;
29-03-2024;7183,62;6123,79;5914,4;13589,8;6454,59;5307,32;13307,41;19503,12;
30-03-2024;7194,52;6123,79;5914,93;13589,8;6458,33;5310,38;13318,31;19504,1;
31-03-2024;7200,82;6123,79;5921,29;13589,8;6460,64;5321,58;13324,61;19510,37;
01-04-2024;7203,90;6123,79;5931,92;13589,8;6463,6;5334,46;13327,69;19521,0;
02-04-2024;7205,84;6127,62;5931,92;13592,46;6466,73;5341,26;13333,47;19524,38;
03-04-2024;7207,75;6132,54;5931,92;13597,52;6469,84;5349,27;13340,29;19529,44;
04-04-2024;7209,68;6136,26;5931,92;13607,18;6472,8;5364,57;13345,94;19539,10;
05-04-2024;7211,30;6139,34;5931,92;13616,75;6473,63;5376,9;13350,63;19548,67;
06-04-2024;7213,12;6139,34;5947,79;13616,75;6473,63;5393,84;13352,45;19564,54;
07-04-2024;7215,36;6139,34;5971,23;13616,75;6474,33;5419,11;13354,70;19587,98;
08-04-2024;7217,33;6140,87;5971,23;13628,14;6475,83;5434,86;13358,21;19599,37;
09-04-2024;7219,34;6143,5;5971,23;13633,69;6477,32;5444,15;13362,39;19604,92;
10-04-2024;7221,29;6144,13;5971,23;13655,71;6478,75;5471,16;13365,42;19626,94;
11-04-2024;7223,32;6150,64;5971,23;13656,37;6481,10;5474,13;13373,96;19627,60;
12-04-2024;7225,33;6152,43;5971,23;13674,52;6481,96;5496,50;13377,76;19645,75;
13-04-2024;7227,91;6152,43;5988,81;13674,52;6482,62;5518,97;13380,35;19663,33;
14-04-2024;7231,40;6152,43;6003,58;13674,52;6482,99;5537,45;13383,84;19678,10;
15-04-2024;7233,29;6154,24;6003,58;13679,90;6484,91;5546,48;13387,53;19683,48;
16-04-2024;7235,35;6156,51;6003,58;13686,43;6488,36;5555,46;13391,86;19690,1;
17-04-2024;7237,29;6158,74;6003,58;13697,74;6492,3;5570,49;13396,3;19701,32;
18-04-2024;7239,15;6160,35;6003,58;13711,40;6495,65;5589,50;13399,49;19714,98;
19-04-2024;7242,53;6164,90;6003,70;13720,2;6500,60;5602,39;13407,43;19723,72;
20-04-2024;7244,75;6164,90;6014,40;13720,2;6503,85;5617,25;13409,65;19734,42;
21-04-2024;7248,4;6164,90;6031,10;13720,2;6508,24;5638,16;13412,93;19751,12;
22-04-2024;7249,90;6167,23;6031,10;13731,31;6512,26;5653,58;13417,13;19762,41;
23-04-2024;7251,79;6168,44;6031,10;13751,44;6516,46;5678,38;13420,23;19782,54;
24-04-2024;7253,68;6169,54;6031,10;13767,30;6520,24;5697,83;13423,21;19798,40;
25-04-2024;7255,52;6175,6;6031,10;13772,13;6524,67;5706,42;13430,58;19803,23;
26-04-2024;7257,15;6178,13;6031,10;13787,25;6528,28;5725,22;13435,28;19818,35;
27-04-2024;7261,18;6178,13;6041,67;13787,25;6531,17;5738,88;13439,31;19828,92;
28-04-2024;7265,80;6178,13;6047,17;13787,25;6533,39;5748,39;13443,93;19834,42;
29-04-2024;7267,64;6179,30;6047,17;13806,54;6535,14;5771,87;13446,94;19853,71;
30-04-2024;7269,51;6180,70;6047,17;13822,13;6535,86;5791,49;13450,20;19869,30;
01-05-2024;7271,35;6181,62;6047,17;13843,28;6536,15;5816,76;13452,97;19890,45;
02-05-2024;7273,28;6183,42;6047,17;13861,49;6536,47;5839,99;13456,70;19908,66;
03-05-2024;7275,30;6188,68;6047,17;13863,23;6537,71;5844,69;13463,98;19910,40;
04-05-2024;7282,16;6188,68;6057,17;13863,23;6538,61;5857,76;13470,84;19920,40;
05-05-2024;7285,15;6188,68;6076,72;13863,23;6539,56;5881,7;13473,83;19939,95;
06-05-2024;7287,6;6191,7;6076,72;13871,72;6540,16;5892,95;13478,13;19948,44;
07-05-2024;7288,90;6191,90;6076,72;13893,68;6540,76;5918,64;13480,80;19970,40;
08-05-2024;7290,74;6195,15;6076,72;13895,71;6541,95;5924,36;13485,89;19972,43;
09-05-2024;7293,41;6195,15;6094,4;13895,71;6543,12;5945,74;13488,56;19989,75;
10-05-2024;7295,3;6196,36;6094,4;13915,70;6543,78;5970,76;13491,39;20009,74;
11-05-2024;7298,56;6196,36;6112,47;13915,70;6544,11;5994,97;13494,92;20028,17;
12-05-2024;7301,29;6196,36;6133,84;13915,70;6544,37;6020,64;13497,65;20049,54;
13-05-2024;7303,11;6197,89;6133,84;13929,38;6544,54;6034,39;13500,99;20063,22;
14-05-2024;7304,94;6198,50;6133,84;13952,13;6544,94;6061,31;13503,44;20085,97;
15-05-2024;7306,79;6200,73;6133,84;13955,38;6545,10;6068,11;13507,52;20089,22;
16-05-2024;7308,72;6203,36;6133,84;13964,83;6545,36;6081,36;13512,8;20098,67;
17-05-2024;7310,60;6205,69;6133,84;13974,22;6545,56;6094,49;13516,30;20108,6;
18-05-2024;7313,64;6205,69;6145,34;13974,22;6546,4;6109,44;13519,33;20119,56;
19-05-2024;7316,75;6205,69;6157,68;13974,22;6546,21;6124,80;13522,44;20131,90;
20-05-2024;7319,88;6205,69;6164,17;13974,22;6546,41;6134,66;13525,57;20138,39;
21-05-2024;7321,75;6207,30;6164,17;13983,97;6547,2;6148,61;13529,5;20148,14;
22-05-2024;7323,77;6208,72;6164,17;13990,72;6547,18;6158,55;13532,48;20154,89;
23-05-2024;7325,81;6210,66;6164,17;14003,6;6547,45;6174,55;13536,47;20167,23;
24-05-2024;7327,70;6215,56;6164,17;14004,65;6547,70;6180,14;13543,26;20168,82;
25-05-2024;7331,75;6215,56;6171,38;14004,65;6548,19;6191,25;13547,30;20176,3;
26-05-2024;7333,75;6215,56;6180,63;14004,65;6548,39;6202,98;13549,31;20185,28;
27-05-2024;7335,31;6215,71;6180,63;14016,36;6548,39;6216,88;13551,2;20196,99;
28-05-2024;7336,84;6216,6;6180,63;14029,56;6548,39;6232,18;13552,90;20210,19;
29-05-2024;7338,56;6216,95;6180,63;14042,24;6549,16;6248,23;13555,51;20222,87;
30-05-2024;7340,55;6218,35;6180,63;14052,73;6549,65;6262,93;13558,89;20233,36;
31-05-2024;7342,55;6221,16;6180,63;14060,28;6549,99;6277,32;13563,71;20240,91;
01-06-2024;7347,62;6221,16;6182,45;14060,28;6550,82;6281,64;13568,78;20242,73;
02-06-2024;7351,84;6221,16;6192,94;14060,28;6552,26;6296,90;13573,0;20253,22;
03-06-2024;7353,74;6222,43;6192,94;14068,29;6553,16;6309,24;13576,17;20261,23;
04-06-2024;7355,73;6223,79;6192,94;14079,45;6553,71;6324,66;13579,52;20272,39;
05-06-2024;7357,52;6224,41;6192,94;14101,30;6553,94;6351,23;13581,93;20294,24;
06-06-2024;7359,53;6225,47;6192,94;14116,64;6554,56;6372,28;13584,99;20309,58;
07-06-2024;7361,50;6226,5;6192,94;14135,87;6555,1;6395,94;13587,55;20328,81;
08-06-2024;7364,59;6226,5;6207,57;14135,87;6555,34;6414,66;13590,64;20343,44;
09-06-2024;7367,51;6226,5;6228,27;14135,87;6555,57;6439,97;13593,55;20364,14;
10-06-2024;7369,48;6229,92;6228,27;14144,28;6555,88;6452,30;13599,40;20372,55;
11-06-2024;7371,42;6230,80;6228,27;14156,66;6557,10;6467,89;13602,22;20384,93;
12-06-2024;7373,40;6231,52;6228,27;14172,27;6557,70;6487,43;13604,93;20400,54;
13-06-2024;7375,37;6232,63;6228,27;14188,3;6558,26;6508,72;13607,99;20416,30;
14-06-2024;7377,44;6235,24;6228,27;14192,55;6559,81;6517,16;13612,67;20420,82;
15-06-2024;7382,52;6235,24;6238,90;14192,55;6560,29;6531,87;13617,75;20431,45;
16-06-2024;7385,43;6235,24;6251,97;14192,55;6560,81;6548,62;13620,67;20444,52;
17-06-2024;7387,40;6236,20;6251,97;14211,51;6561,8;6572,63;13623,60;20463,48;
18-06-2024;7389,40;6238,10;6251,97;14214,34;6561,23;6578,73;13627,49;20466,31;
19-06-2024;7391,25;6239,33;6251,97;14233,66;6561,45;6603,7;13630,59;20485,63;
20-06-2024;7393,17;6240,47;6251,97;14246,70;6561,68;6620,15;13633,64;20498,67;
21-06-2024;7394,87;6241,46;6251,97;14249,78;6561,94;6626,5;13636,33;20501,75;
22-06-2024;7396,96;6241,46;6264,93;14249,78;6562,48;6642,65;13638,42;20514,71;
23-06-2024;7399,72;6241,46;6285,82;14249,78;6562,64;6668,32;13641,18;20535,60;
24-06-2024;7401,79;6242,46;6285,82;14271,69;6562,95;6694,47;13644,25;20557,51;
25-06-2024;7403,74;6243,42;6285,82;14292,80;6563,29;6720,58;13647,16;20578,62;
26-06-2024;7405,87;6243,93;6285,82;14315,2;6563,51;6746,96;13649,80;20600,84;
27-06-2024;7407,91;6245,17;6285,82;14335,77;6563,85;6772,6;13653,8;20621,59;
28-06-2024;7409,88;6246,70;6285,82;14353,9;6564,3;6794,81;13656,57;20638,91;
29-06-2024;7413,23;6246,70;6304,55;14353,9;6564,36;6817,57;13659,93;20657,64;
30-06-2024;7416,61;6246,70;6317,0;14353,9;6564,58;6834,26;13663,30;20670,9;
01-07-2024;7418,70;6247,92;6317,1;14368,67;6564,84;6854,39;13666,62;20685,68;
02-07-2024;7420,83;6248,83;6317,1;14376,87;6564,97;6866,56;13669,67;20693,88;
03-07-2024;7422,82;6250,82;6317,1;14382,91;6565,26;6876,40;13673,63;20699,92;
04-07-2024;7424,85;6252,52;6317,1;14402,57;6565,76;6902,63;13677,37;20719,58;
05-07-2024;7426,87;6254,53;6317,1;14408,7;6565,88;6912,20;13681,41;20725,8;
06-07-2024;7430,78;6254,53;6330,45;14408,7;6566,31;6931,59;13685,31;20738,52;
07-07-2024;7434,36;6254,53;6341,74;14408,7;6566,44;6946,85;13688,89;20749,81;
08-07-2024;7436,35;6256,36;6341,74;14420,57;6566,62;6963,68;13692,70;20762,31;
09-07-2024;7438,46;6258,46;6341,74;14431,33;6566,87;6978,37;13696,92;20773,7;
10-07-2024;7440,50;6259,56;6341,74;14442,73;6567,12;6994,32;13700,6;20784,47;
11-07-2024;7442,59;6261,13;6341,74;14459,30;6567,33;7015,76;13703,72;20801,4;
12-07-2024;7444,65;6265,0;6341,74;14461,98;6567,58;7021,56;13709,65;20803,72;
13-07-2024;7447,89;6265,0;6349,30;14461,98;6567,94;7033,7;13712,89;20811,28;
14-07-2024;7450,60;6265,0;6369,47;14461,98;6568,15;7056,99;13715,60;20831,45;
15-07-2024;7452,65;6265,78;6369,47;14479,37;6568,45;7078,23;13718,42;20848,84;
16-07-2024;7454,70;6267,94;6369,47;14490,89;6568,59;7094,68;13722,64;20860,36;
17-07-2024;7456,64;6268,88;6369,48;14511,91;6568,80;7119,92;13725,52;20881,39;
18-07-2024;7458,74;6269,84;6369,48;14526,48;6569,6;7138,34;13728,58;20895,96;
19-07-2024;7460,77;6271,90;6369,48;14540,63;6569,24;7157,77;13732,68;20910,11;
20-07-2024;7463,44;6271,90;6386,90;14540,63;6569,54;7180,27;13735,34;20927,53;
21-07-2024;7467,64;6271,90;6393,30;14540,63;6569,67;7189,97;13739,55;20933,93;
22-07-2024;7469,70;6273,60;6393,30;14558,6;6570,9;7211,31;13743,30;20951,36;
23-07-2024;7471,77;6274,61;6393,30;14567,31;6570,33;7224,12;13746,38;20960,61;
24-07-2024;7473,73;6275,22;6393,30;14586,53;6570,52;7247,80;13748,94;20979,83;
25-07-2024;7476,92;6278,8;6393,30;14592,49;6570,94;7258,26;13755,0;20985,79;
26-07-2024;7477,74;6278,76;6393,30;14608,8;6570,95;7278,17;13756,50;21001,38;
27-07-2024;7480,50;6278,76;6409,92;14608,8;6571,38;7299,57;13759,26;21018,0;
28-07-2024;7483,31;6278,76;6431,86;14608,8;6571,55;7325,75;13762,7;21039,94;
29-07-2024;7485,26;6279,63;6431,86;14630,30;6571,85;7352,82;13764,90;21062,16;
30-07-2024;7487,14;6280,12;6431,86;14651,90;6571,98;7378,14;13767,25;21083,76;
31-07-2024;7489,17;6281,6;6431,86;14662,30;6572,27;7392,28;13770,23;21094,16;
01-08-2024;7491,17;6285,79;6431,86;14665,72;6572,42;7399,1;13776,96;21097,58;
02-08-2024;7493,16;6286,85;6431,86;14678,44;6572,66;7414,88;13780,1;21110,30;
03-08-2024;7495,34;6286,85;6442,28;14678,44;6572,96;7428,68;13782,19;21120,72;
04-08-2024;7499,30;6286,85;6451,89;14678,44;6573,8;7442,15;13786,16;21130,33;
05-08-2024;7501,24;6287,73;6451,89;14698,27;6573,46;7466,43;13788,97;21150,16;
06-08-2024;7503,20;6288,66;6451,89;14718,84;6573,77;7490,83;13791,86;21170,73;
07-08-2024;7505,31;6290,3;6451,89;14733,85;6573,94;7511,10;13795,34;21185,74;
08-08-2024;7507,41;6291,45;6451,89;14753,45;6574,17;7535,6;13798,86;21205,34;
09-08-2024;7509,52;6294,21;6451,89;14761,0;6574,29;7547,60;13803,73;21212,89;
10-08-2024;7512,96;6294,21;6474,5;14761,0;6574,66;7572,90;13807,17;21235,5;
11-08-2024;7515,69;6294,21;6495,54;14761,0;6574,90;7598,94;13809,91;21256,54;
12-08-2024;7517,74;6294,86;6495,54;14782,85;6575,10;7624,79;13812,60;21278,39;
13-08-2024;7519,72;6295,71;6495,54;14796,61;6575,46;7641,93;13815,43;21292,15;
14-08-2024;7521,72;6297,70;6495,54;14801,31;6575,76;7649,85;13819,43;21296,85;
15-08-2024;7523,65;6298,68;6495,54;14818,19;6576,19;7671,78;13822,33;21313,73;
16-08-2024;7525,84;6302,63;6495,54;14819,99;6576,27;7676,20;13828,46;21315,53;
17-08-2024;7528,87;6302,63;6517,55;14819,99;6576,59;7702,53;13831,50;21337,54;
18-08-2024;7531,85;6302,63;6532,25;14819,99;6576,84;7720,86;13834,48;21352,24;
19-08-2024;7533,86;6303,82;6532,25;14838,27;6576,96;7743,53;13837,67;21370,52;
20-08-2024;7536,1;6307,24;6532,25;14844,91;6577,21;7753,10;13843,25;21377,16;
21-08-2024;7538,12;6308,8;6532,25;14862,41;6577,40;7774,24;13846,19;21394,66;
22-08-2024;7540,21;6310,67;6532,25;14877,78;6577,66;7793,88;13850,88;21410,3;
23-08-2024;7542,34;6313,86;6532,25;14886,23;6577,78;7807,58;13856,20;21418,48;
24-08-2024;7546,57;6313,86;6539,47;14886,23;6578,20;7818,8;13860,43;21425,70;
25-08-2024;7549,80;6313,86;6555,87;14886,23;6578,40;7837,73;13863,66;21442,10;
26-08-2024;7551,80;6315,4;6555,87;14900,82;6578,62;7855,58;13866,84;21456,69;
27-08-2024;7553,90;6315,99;6555,87;14922,3;6578,83;7881,50;13869,88;21477,90;
28-08-2024;7555,87;6316,60;6555,87;14943,85;6579,13;7907,25;13872,48;21499,72;
29-08-2024;7557,86;6318,9;6555,87;14961,17;6579,31;7928,34;13875,95;21517,4;
30-08-2024;7559,90;6319,73;6555,87;14973,1;6579,48;7943,80;13879,63;21528,88;
31-08-2024;7563,22;6319,73;6576,3;14973,1;6579,84;7967,86;13882,95;21549,4;
01-09-2024;7566,52;6319,73;6594,46;14973,1;6579,97;7989,55;13886,25;21567,47;
02-09-2024;7568,53;6321,21;6594,46;14989,25;6580,36;8009,39;13889,74;21583,71;
03-09-2024;7570,57;6323,76;6594,46;14993,65;6580,55;8015,92;13894,33;21588,11;
04-09-2024;7572,58;6326,40;6594,46;15000,1;6580,73;8025,56;13898,99;21594,47;
05-09-2024;7574,84;6327,55;6594,46;15009,10;6580,96;8037,55;13902,40;21603,56;
06-09-2024;7577,10;6332,72;6594,46;15010,78;6581,6;8041,94;13909,82;21605,24;
07-09-2024;7580,81;6332,72;6611,0;15010,78;6581,48;8061,22;13913,53;21621,78;
08-09-2024;7584,71;6332,72;6627,60;15010,78;6581,63;8081,9;13917,43;21638,38;
09-09-2024;7586,77;6334,73;6627,60;15020,33;6581,78;8093,97;13921,50;21647,93;
10-09-2024;7588,75;6337,49;6627,60;15024,6;6581,90;8100,0;13926,24;21651,66;
11-09-2024;7590,82;6340,59;6627,60;15035,88;6582,25;8114,53;13931,40;21663,48;
12-09-2024;7593,15;6344,99;6627,60;15043,28;6582,38;8126,96;13938,14;21670,88;
13-09-2024;7595,47;6346,90;6627,60;15055,61;6582,64;8142,23;13942,37;21683,21;
14-09-2024;7599,31;6346,90;6644,12;15055,61;6583,0;8163,7;13946,21;21699,73;
15-09-2024;7603,53;6346,90;6660,5;15055,61;6583,27;8182,83;13950,43;21715,66;
16-09-2024;7605,72;6349,52;6660,5;15065,47;6583,42;8196,10;13955,24;21725,52;
17-09-2024;7607,82;6351,53;6660,5;15075,36;6583,67;8210,31;13959,35;21735,41;
18-09-2024;7609,84;6353,58;6660,5;15087,25;6583,88;8225,29;13963,41;21747,30;
19-09-2024;7611,93;6355,81;6660,5;15105,20;6584,43;8248,39;13967,74;21765,25;
20-09-2024;7613,91;6357,22;6660,5;15124,98;6584,75;8272,6;13971,13;21785,3;
21-09-2024;7616,59;6357,22;6681,40;15124,98;6584,94;8295,45;13973,80;21806,38;
22-09-2024;7620,98;6357,22;6687,80;15124,98;6585,12;8304,85;13978,19;21812,78;
23-09-2024;7622,90;6359,30;6687,80;15133,91;6585,26;8316,76;13982,19;21821,71;
24-09-2024;7624,96;6361,99;6687,80;15140,65;6585,45;8325,71;13986,95;21828,45;
25-09-2024;7627,15;6364,40;6687,80;15147,57;6585,76;8335,82;13991,55;21835,37;
26-09-2024;7629,32;6368,93;6687,80;15158,40;6586,4;8349,95;13998,25;21846,20;
27-09-2024;7631,66;6374,37;6687,80;15159,14;6586,54;8353,27;14006,2;21846,94;
28-09-2024;7640,54;6374,37;6702,2;15159,14;6587,49;8373,23;14014,91;21861,16;
29-09-2024;7643,28;6374,37;6708,72;15159,14;6587,62;8383,86;14017,65;21867,86;
30-09-2024;7645,45;6381,6;6708,72;15159,73;6588,12;8386,74;14026,51;21868,45;
01-10-2024;7648,50;6385,71;6708,72;15160,3;6588,26;8389,51;14034,22;21868,75;
02-10-2024;7651,13;6392,83;6708,72;15160,57;6588,30;8392,55;14043,95;21869,29;
03-10-2024;7653,63;6396,83;6708,72;15178,29;6588,47;8415,91;14050,46;21887,1;
04-10-2024;7657,6;6401,75;6708,72;15193,37;6588,47;8437,44;14058,81;21902,9;
05-10-2024;7662,52;6401,75;6726,67;15193,37;6588,47;8461,14;14064,27;21920,4;
06-10-2024;7669,78;6401,75;6739,18;15193,37;6588,47;8477,21;14071,53;21932,55;
07-10-2024;7672,2;6405,57;6739,18;15208,2;6588,47;8495,68;14077,58;21947,20;
08-10-2024;7674,19;6408,43;6739,18;15216,72;6588,47;8507,77;14082,61;21955,90;
09-10-2024;7676,46;6415,23;6739,18;15217,27;6588,47;8510,45;14091,69;21956,45;
10-10-2024;7678,65;6421,30;6739,18;15221,30;6589,69;8517,92;14099,95;21960,48;
11-10-2024;7681,7;6431,8;6739,18;15229,4;6590,16;8531,73;14112,15;21968,22;
12-10-2024;7690,92;6431,8;6741,33;15229,4;6591,14;8536,86;14122,0;21970,37;
13-10-2024;7699,34;6431,8;6745,89;15229,4;6591,84;8545,79;14130,42;21974,93;
14-10-2024;7702,3;6439,52;6745,89;15231,12;6592,74;8550,11;14141,55;21977,1;
15-10-2024;7704,78;6447,34;6745,89;15234,74;6593,50;8557,66;14152,12;21980,63;
16-10-2024;7707,33;6454,56;6745,89;15242,60;6594,27;8570,66;14161,89;21988,49;
17-10-2024;7709,57;6460,36;6745,89;15249,4;6594,54;8580,3;14169,94;21994,93;
18-10-2024;7711,95;6467,62;6745,89;15251,56;6594,76;8585,15;14179,57;21997,45;
19-10-2024;7718,85;6467,62;6747,46;15251,56;6595,34;8589,95;14186,46;21999,2;
20-10-2024;7726,61;6467,62;6752,21;15251,56;6595,52;8596,99;14194,22;22003,77;
21-10-2024;7728,84;6474,55;6752,21;15252,54;6595,70;8599,90;14203,39;22004,75;
22-10-2024;7731,22;6478,55;6752,21;15265,26;6595,98;8617,48;14209,76;22017,47;
23-10-2024;7733,62;6483,32;6752,21;15274,75;6597,54;8630,40;14216,94;22026,96;
24-10-2024;7735,98;6487,79;6752,21;15291,45;6598,19;8651,31;14223,78;22043,66;
25-10-2024;7738,34;6492,73;6752,21;15304,48;6598,45;8669,1;14231,7;22056,69;
26-10-2024;7745,37;6492,73;6764,98;15304,48;6599,16;8685,47;14238,11;22069,46;
27-10-2024;7752,32;6492,73;6779,17;15304,48;6599,47;8702,15;14245,5;22083,65;
28-10-2024;7754,65;6499,4;6779,17;15306,91;6599,90;8707,56;14253,69;22086,8;
29-10-2024;7756,95;6506,67;6779,17;15306,91;6600,11;8708,86;14263,62;22086,8;
30-10-2024;7759,6;6514,45;6779,17;15306,92;6600,44;8710,73;14273,51;22086,9;
31-10-2024;7761,14;6524,41;6779,17;15307,62;6600,89;8713,31;14285,56;22086,79;
01-11-2024;7763,25;6536,11;6779,17;15307,62;6601,36;8714,31;14299,37;22086,79;
02-11-2024;7775,16;6536,11;6779,39;15307,62;6601,95;8716,74;14311,28;22087,1;
03-11-2024;7786,59;6536,11;6779,46;15307,62;6602,60;8719,48;14322,70;22087,8;
04-11-2024;7788,99;6546,11;6779,46;15312,77;6603,77;8727,21;14335,10;22092,23;
05-11-2024;7791,32;6562,6;6779,46;15312,78;6604,78;8729,18;14353,37;22092,24;
06-11-2024;7793,65;6574,94;6779,46;15312,84;6605,49;8731,37;14368,59;22092,30;
07-11-2024;7795,81;6590,67;6779,46;15312,84;6606,37;8732,27;14386,48;22092,30;
08-11-2024;7798,44;6605,86;6779,46;15312,84;6606,78;8733,26;14404,29;22092,30;
09-11-2024;7814,59;6605,86;6779,46;15312,84;6607,70;8733,84;14420,45;22092,30;
10-11-2024;7829,33;6605,86;6779,46;15312,84;6608,46;8735,89;14435,18;22092,30;
11-11-2024;7831,64;6615,1;6779,46;15319,71;6609,28;8746,69;14446,64;22099,17;
12-11-2024;7834,6;6625,84;6779,46;15321,25;6610,10;8749,94;14459,89;22100,71;
13-11-2024;7836,46;6637,43;6779,46;15323,11;6610,76;8754,73;14473,89;22102,57;
14-11-2024;7838,83;6652,21;6779,46;15323,73;6611,34;8757,45;14491,4;22103,19;
15-11-2024;7841,31;6666,79;6779,46;15323,77;6611,89;8758,91;14508,10;22103,23;
16-11-2024;7856,0;6666,79;6779,50;15323,77;6612,53;8760,48;14522,79;22103,27;
17-11-2024;7868,23;6666,79;6785,46;15323,77;6613,3;8770,98;14535,1;22109,23;
18-11-2024;7870,68;6679,21;6785,46;15326,32;6613,47;8777,17;14549,89;22111,78;
19-11-2024;7873,8;6694,56;6785,46;15326,33;6614,37;8777,99;14567,64;22111,79;
20-11-2024;7875,62;6710,59;6785,46;15329,26;6615,49;8783,36;14586,20;22114,72;
21-11-2024;7879,45;6734,68;6785,46;15329,26;6616,89;8786,0;14614,13;22114,72;
22-11-2024;7883,63;6753,63;6785,46;15330,24;6618,32;8789,94;14637,26;22115,70;
23-11-2024;7915,83;6753,63;6785,46;15330,24;6620,0;8791,5;14669,46;22115,70;
24-11-2024;7932,85;6753,63;6787,57;15330,24;6620,97;8798,29;14686,48;22117,81;
25-11-2024;7935,2;6766,67;6787,57;15330,24;6621,47;8798,84;14701,69;22117,81;
26-11-2024;7937,19;6777,66;6787,57;15333,19;6622,17;8805,18;14714,85;22120,76;
27-11-2024;7939,51;6793,74;6787,57;15333,19;6622,80;8805,64;14733,25;22120,76;
28-11-2024;7942,0;6808,20;6787,57;15338,91;6623,79;8819,31;14750,21;22126,48;
29-11-2024;7944,73;6821,26;6787,57;15346,71;6624,82;8834,65;14765,99;22134,28;
30-11-2024;7962,46;6821,26;6790,72;15346,71;6626,19;8843,81;14783,72;22137,43;
01-12-2024;7977,3;6821,26;6794,96;15346,71;6627,26;8853,81;14798,29;22141,67;
02-12-2024;7979,38;6837,8;6794,96;15347,14;6628,11;8856,49;14816,46;22142,10;
03-12-2024;7981,71;6849,18;6794,96;15350,49;6628,89;8864,42;14830,88;22145,45;
04-12-2024;7984,25;6866,11;6794,96;15351,37;6630,2;8867,7;14850,36;22146,33;
05-12-2024;7986,72;6888,50;6794,96;15351,37;6631,26;8867,27;14875,22;22146,33;
06-12-2024;7989,9;6902,7;6794,96;15353,76;6632,21;8871,28;14891,16;22148,72;
07-12-2024;8007,26;6902,7;6795,85;15353,76;6633,34;8874,45;14909,33;22149,61;
08-12-2024;8029,29;6902,7;6795,87;15353,76;6634,27;8875,11;14931,36;22149,63;
09-12-2024;8031,73;6919,24;6795,87;15353,76;6635,63;8876,6;14950,97;22149,63;
10-12-2024;8034,19;6942,22;6795,87;15353,76;6636,84;8876,43;14976,40;22149,63;
11-12-2024;8036,47;6949,95;6795,87;15353,76;6637,90;8876,76;14986,42;22149,63;
12-12-2024;8039,35;6953,22;6795,87;15353,77;6638,87;8877,62;14992,58;22149,64;
13-12-2024;8043,39;6973,3;6795,87;15353,77;6640,57;8877,90;15016,41;22149,64;
14-12-2024;8072,77;6973,3;6795,87;15353,77;6642,59;8879,0;15045,80;22149,64;
15-12-2024;8095,49;6973,3;6795,87;15353,77;6643,81;8879,87;15068,51;22149,64;
16-12-2024;8097,90;6989,36;6795,87;15353,77;6644,74;8880,58;15087,27;22149,64;
17-12-2024;8100,28;7004,55;6795,87;15353,82;6645,50;8882,33;15104,83;22149,69;
18-12-2024;8102,62;7020,70;6795,87;15353,83;6646,32;8883,29;15123,32;22149,70;
19-12-2024;8104,89;7042,11;6795,87;15353,85;6646,95;8883,99;15147,0;22149,72;
20-12-2024;8107,23;7056,28;6795,87;15356,90;6647,95;8892,5;15163,52;22152,77;
21-12-2024;8130,44;7056,28;6795,87;15356,90;6649,4;8892,68;15186,72;22152,77;
22-12-2024;8148,66;7056,28;6796,97;15356,90;6649,91;8896,18;15204,94;22153,87;
23-12-2024;8151,20;7074,69;6796,97;15358,74;6651,34;8902,17;15225,89;22155,71;
24-12-2023;6772,46;5656,99;5802,19;13216,79;6012,97;4578,81;12429,45;19018,98;
25-12-2023;6790,86;5656,99;5802,19;13216,79;6016,41;4579,11;12447,85;19018,98;
26-12-2023;6797,60;5656,99;5807,38;13216,79;6018,76;4579,52;12454,60;19024,17;
27-12-2023;6799,87;5672,51;5807,38;13216,79;6021,33;4585,73;12472,38;19024,17;
28-12-2023;6801,94;5683,82;5807,38;13218,53;6026,3;4586,69;12485,76;19025,92;
29-12-2023;6804,44;5693,89;5807,38;13218,82;6029,92;4590,41;12498,33;19026,20;
30-12-2023;6811,99;5693,89;5809,49;13218,82;6033,1;4592,11;12505,88;19028,30;
31-12-2023;6821,1;5693,89;5810,43;13218,82;6037,65;4596,40;12514,90;19029,24;
01-01-2024;6827,99;5693,89;5811,28;13218,82;6042,82;4598,62;12521,88;19030,10;
02-01-2024;6830,42;5704,64;5811,28;13218,82;6047,11;4600,75;12535,6;19030,10;
03-01-2024;6832,82;5713,38;5811,28;13220,0;6051,34;4601,18;12546,21;19031,28;
04-01-2024;6835,40;5727,15;5811,28;13221,15;6055,19;4603,57;12562,55;19032,44;
05-01-2024;6836,97;5734,18;5811,28;13221,21;6058,24;4606,4;12571,14;19032,49;
06-01-2024;6847,20;5734,18;5811,28;13221,21;6063,4;4606,57;12581,37;19032,49;
07-01-2024;6857,83;5734,18;5811,50;13221,21;6068,25;4607,3;12592,1;19032,72;
08-01-2024;6863,66;5747,59;5811,50;13222,34;6074,68;4608,38;12611,25;19033,85;
09-01-2024;6869,21;5756,14;5811,50;13233,49;6082,33;4611,31;12625,35;19045,0;
10-01-2024;6874,85;5764,15;5811,50;13244,46;6091,33;4627,85;12639,0;19055,96;
11-01-2024;6879,83;5770,80;5811,50;13248,96;6101,43;4642,86;12650,63;19060,47;
12-01-2024;6883,41;5783,87;5811,50;13248,96;6118,4;4652,69;12667,28;19060,46;
13-01-2024;6898,38;5783,87;5811,50;13248,96;6124,90;4653,86;12682,25;19060,47;
14-01-2024;6910,59;5783,87;5811,51;13248,96;6131,57;4654,65;12694,46;19060,47;
15-01-2024;6914,19;5794,1;5811,51;13249,97;6138,79;4657,8;12708,19;19061,48;
16-01-2024;6918,82;5804,4;5811,51;13257,79;6147,4;4669,43;12722,85;19069,30;
17-01-2024;6923,81;5814,49;5811,51;13257,96;6155,83;4671,36;12738,30;19069,48;
18-01-2024;6928,75;5821,72;5811,51;13267,29;6163,59;4686,92;12750,47;19078,80;
19-01-2024;6933,43;5828,77;5811,51;13277,64;6170,45;4701,97;12762,20;19089,16;
20-01-2024;6947,98;5828,77;5817,55;13277,64;6177,69;4712,86;12776,75;19095,19;
21-01-2024;6960,23;5829,66;5817,77;13277,64;6186,39;4714,46;12789,89;19095,42;
22-01-2024;6962,90;5838,21;5817,77;13285,33;6191,59;4724,87;12801,11;19103,11;
23-01-2024;6963,72;5844,21;5817,77;13288,80;6196,26;4730,84;12807,93;19106,58;
24-01-2024;6965,72;5849,49;5817,77;13292,27;6200,7;4736,20;12815,21;19110,4;
25-01-2024;6967,57;5859,20;5817,77;13292,61;6204,73;4738,19;12826,77;19110,38;
26-01-2024;6969,43;5867,77;5817,77;13301,7;6208,71;4752,42;12837,20;19118,85;
27-01-2024;6974,20;5867,77;5829,11;13301,7;6213,55;4766,21;12841,97;19130,18;
28-01-2024;6981,6;5867,77;5838,68;13301,7;6218,64;4781,21;12848,83;19139,76;
29-01-2024;6982,87;5873,54;5838,68;13309,39;6223,51;4792,59;12856,42;19148,8;
30-01-2024;6984,63;5879,37;5838,68;13309,74;6227,63;4793,91;12864,0;19148,42;
31-01-2024;6986,37;5885,96;5838,68;13314,15;6231,90;4799,90;12872,33;19152,84;
01-02-2024;6988,26;5892,41;5838,68;13324,54;6236,19;4817,36;12880,68;19163,22;
02-02-2024;6990,10;5899,9;5838,68;13325,61;6241,13;4820,19;12889,19;19164,29;
03-02-2024;7000,19;5899,9;5838,80;13325,61;6245,35;4821,82;12899,27;19164,40;
04-02-2024;7009,6;5899,9;5840,51;13325,61;6248,56;4825,66;12908,15;19166,12;
05-02-2024;7011,94;5906,77;5840,51;13327,17;6252,98;4828,69;12918,72;19167,68;
06-02-2024;7013,74;5911,17;5840,51;13328,11;6256,24;4830,93;12924,91;19168,62;
07-02-2024;7015,57;5920,28;5840,51;13330,70;6260,62;4835,60;12935,85;19171,21;
08-02-2024;7017,37;5931,9;5840,51;13330,70;6266,25;4836,42;12948,46;19171,21;
09-02-2024;7017,37;5939,75;5841,39;13333,34;6271,53;4842,42;12957,11;19174,73;
10-02-2024;7026,62;5939,75;5843,56;13333,34;6272,69;4845,38;12966,36;19176,91;
11-02-2024;7035,38;5939,75;5844,16;13333,34;6276,23;4847,42;12975,12;19177,50;
12-02-2024;7038,17;5946,14;5844,16;13342,93;6281,6;4860,30;12984,31;19187,9;
13-02-2024;7038,97;5950,43;5844,16;13349,13;6284,95;4870,20;12989,39;19193,29;
14-02-2024;7041,73;5958,74;5844,16;13349,23;6289,45;4871,15;13000,47;19193,39;
15-02-2024;7043,64;5966,35;5844,16;13353,87;6291,77;4879,3;13009,99;19198,3;
16-02-2024;7045,67;5970,74;5844,16;13356,27;6294,62;4882,47;13016,41;19200,43;
17-02-2024;7051,9;5970,74;5848,32;13356,27;6297,24;4888,84;13021,82;19204,59;
18-02-2024;7062,0;5970,74;5848,44;13356,27;6300,45;4890,23;13032,74;19204,71;
19-02-2024;7064,2;5974,94;5848,44;13357,7;6304,9;4892,71;13038,96;19205,51;
20-02-2024;7066,55;5980,41;5848,44;13362,40;6308,16;4900,57;13046,96;19210,84;
21-02-2024;7068,28;5987,97;5848,44;13363,4;6312,68;4902,80;13056,25;19211,48;
22-02-2024;7070,51;5995,38;5848,44;13363,91;6317,22;4906,28;13065,89;19212,35;
23-02-2024;7073,61;6002,82;5848,44;13369,0;6321,86;4914,17;13076,43;19217,44;
24-02-2024;7082,10;6002,82;5851,25;13369,0;6327,43;4919,99;13084,92;19220,25;
25-02-2024;7089,54;6002,82;5857,47;13369,0;6332,16;4929,77;13092,36;19226,47;
26-02-2024;7092,55;6011,61;5857,47;13369,4;6337,46;4931,61;13104,15;19226,51;
27-02-2024;7095,66;6015,4;5857,47;13387,57;6342,60;4953,34;13110,70;19245,4;
28-02-2024;7098,23;6019,77;5857,47;13391,58;6347,88;4959,69;13118,0;19249,5;
29-02-2024;7100,37;6033,70;5857,47;13391,64;6353,16;4961,58;13134,7;19249,11;
01-03-2024;7102,70;6038,60;5857,47;13397,61;6358,5;4970,56;13141,30;19255,8;
02-03-2024;7106,68;6038,60;5870,22;13397,61;6362,38;4986,34;13145,28;19267,83;
03-03-2024;7113,56;6038,60;5873,79;13397,61;6366,42;4992,51;13152,17;19271,40;
04-03-2024;7115,68;6041,88;5873,79;13412,40;6370,10;5010,61;13157,56;19286,19;
05-03-2024;7117,55;6046,24;5873,79;13413,79;6374,81;5014,65;13163,79;19287,58;
06-03-2024;7119,25;6049,21;5873,79;13428,50;6378,93;5032,18;13168,46;19302,29;
07-03-2024;7121,0;6051,59;5873,79;13445,79;6383,56;5054,48;13172,60;19319,58;
08-03-2024;7122,87;6057,21;5873,79;13465,27;6388,49;5079,31;13180,8;19339,6;
09-03-2024;7128,10;6057,21;5887,16;13465,27;6391,91;5095,97;13185,32;19352,43;
10-03-2024;7136,51;6057,21;5890,51;13465,27;6395,13;5102,2;13193,72;19355,78;
11-03-2024;7138,18;6063,66;5890,51;13465,65;6398,82;5103,60;13201,84;19356,16;
12-03-2024;7139,89;6067,34;5890,51;13469,34;6402,77;5109,43;13207,23;19359,85;
13-03-2024;7141,96;6071,95;5890,51;13470,7;6405,88;5112,18;13213,91;19360,58;
14-03-2024;7143,75;6074,71;5890,51;13486,42;6408,55;5133,53;13218,45;19376,93;
15-03-2024;7145,50;6079,37;5890,51;13492,68;6410,52;5143,58;13224,87;19383,19;
16-03-2024;7149,10;6079,37;5895,79;13492,68;6412,74;5151,54;13228,47;19388,47;
17-03-2024;7154,14;6079,37;5900,77;13492,68;6416,40;5158,85;13233,51;19393,45;
18-03-2024;7156,98;6083,74;5900,77;13505,21;6419,31;5175,73;13240,72;19405,98;
19-03-2024;7157,79;6085,68;5900,77;13520,76;6420,89;5193,89;13243,46;19421,53;
20-03-2024;7159,62;6087,31;5900,77;13533,69;6422,94;5210,17;13246,92;19434,46;
21-03-2024;7161,47;6093,91;5900,77;13535,39;6423,45;5214,60;13255,38;19436,16;
22-03-2024;7163,40;6104,70;5900,77;13535,54;6427,26;5216,75;13268,10;19436,31;
23-03-2024;7168,68;6104,70;5909,24;13535,54;6431,71;5228,45;13273,37;19444,78;
24-03-2024;7174,44;6104,70;5914,4;13535,54;6435,37;5235,79;13279,14;19449,58;
25-03-2024;7176,16;6107,88;5914,4;13554,1;6439,98;5258,26;13284,3;19468,5;
26-03-2024;7178,9;6111,43;5914,4;13559,95;6444,6;5267,2;13289,52;19473,99;
27-03-2024;7179,91;6114,63;5914,4;13569,4;6446,99;5279,83;13294,54;19483,8;
28-03-2024;7181,72;6120,25;5914,4;13578,33;6451,39;5292,70;13301,97;19492,37;
29-03-2024;7183,62;6123,79;5914,4;13589,8;6454,59;5307,32;13307,41;19503,12;
30-03-2024;7194,52;6123,79;5914,93;13589,8;6458,33;5310,38;13318,31;19504,1;
31-03-2024;7200,82;6123,79;5921,29;13589,8;6460,64;5321,58;13324,61;19510,37;
01-04-2024;7203,90;6123,79;5931,92;13589,8;6463,6;5334,46;13327,69;19521,0;
02-04-2024;7205,84;6127,62;5931,92;13592,46;6466,73;5341,26;13333,47;19524,38;
03-04-2024;7207,75;6132,54;5931,92;13597,52;6469,84;5349,27;13340,29;19529,44;
04-04-2024;7209,68;6136,26;5931,92;13607,18;6472,8;5364,57;13345,94;19539,10;
05-04-2024;7211,30;6139,34;5931,92;13616,75;6473,63;5376,9;13350,63;19548,67;
06-04-2024;7213,12;6139,34;5947,79;13616,75;6473,63;5393,84;13352,45;19564,54;
07-04-2024;7215,36;6139,34;5971,23;13616,75;6474,33;5419,11;13354,70;19587,98;
08-04-2024;7217,33;6140,87;5971,23;13628,14;6475,83;5434,86;13358,21;19599,37;
09-04-2024;7219,34;6143,5;5971,23;13633,69;6477,32;5444,15;13362,39;19604,92;
10-04-2024;7221,29;6144,13;5971,23;13655,71;6478,75;5471,16;13365,42;19626,94;
11-04-2024;7223,32;6150,64;5971,23;13656,37;6481,10;5474,13;13373,96;19627,60;
12-04-2024;7225,33;6152,43;5971,23;13674,52;6481,96;5496,50;13377,76;19645,75;
13-04-2024;7227,91;6152,43;5988,81;13674,52;6482,62;5518,97;13380,35;19663,33;
14-04-2024;7231,40;6152,43;6003,58;13674,52;6482,99;5537,45;13383,84;19678,10;
15-04-2024;7233,29;6154,24;6003,58;13679,90;6484,91;5546,48;13387,53;19683,48;
16-04-2024;7235,35;6156,51;6003,58;13686,43;6488,36;5555,46;13391,86;19690,1;
17-04-2024;7237,29;6158,74;6003,58;13697,74;6492,3;5570,49;13396,3;19701,32;
18-04-2024;7239,15;6160,35;6003,58;13711,40;6495,65;5589,50;13399,49;19714,98;
19-04-2024;7242,53;6164,90;6003,70;13720,2;6500,60;5602,39;13407,43;19723,72;
20-04-2024;7244,75;6164,90;6014,40;13720,2;6503,85;5617,25;13409,65;19734,42;
21-04-2024;7248,4;6164,90;6031,10;13720,2;6508,24;5638,16;13412,93;19751,12;
22-04-2024;7249,90;6167,23;6031,10;13731,31;6512,26;5653,58;13417,13;19762,41;
23-04-2024;7251,79;6168,44;6031,10;13751,44;6516,46;5678,38;13420,23;19782,54;
24-04-2024;7253,68;6169,54;6031,10;13767,30;6520,24;5697,83;13423,21;19798,40;
25-04-2024;7255,52;6175,6;6031,10;13772,13;6524,67;5706,42;13430,58;19803,23;
26-04-2024;7257,15;6178,13;6031,10;13787,25;6528,28;5725,22;13435,28;19818,35;
27-04-2024;7261,18;6178,13;6041,67;13787,25;6531,17;5738,88;13439,31;19828,92;
28-04-2024;7265,80;6178,13;6047,17;13787,25;6533,39;5748,39;13443,93;19834,42;
29-04-2024;7267,64;6179,30;6047,17;13806,54;6535,14;5771,87;13446,94;19853,71;
30-04-2024;7269,51;6180,70;6047,17;13822,13;6535,86;5791,49;13450,20;19869,30;
01-05-2024;7271,35;6181,62;6047,17;13843,28;6536,15;5816,76;13452,97;19890,45;
02-05-2024;7273,28;6183,42;6047,17;13861,49;6536,47;5839,99;13456,70;19908,66;
03-05-2024;7275,30;6188,68;6047,17;13863,23;6537,71;5844,69;13463,98;19910,40;
04-05-2024;7282,16;6188,68;6057,17;13863,23;6538,61;5857,76;13470,84;19920,40;
05-05-2024;7285,15;6188,68;6076,72;13863,23;6539,56;5881,7;13473,83;19939,95;
06-05-2024;7287,6;6191,7;6076,72;13871,72;6540,16;5892,95;13478,13;19948,44;
07-05-2024;7288,90;6191,90;6076,72;13893,68;6540,76;5918,64;13480,80;19970,40;
08-05-2024;7290,74;6195,15;6076,72;13895,71;6541,95;5924,36;13485,89;19972,43;
09-05-2024;7293,41;6195,15;6094,4;13895,71;6543,12;5945,74;13488,56;19989,75;
10-05-2024;7295,3;6196,36;6094,4;13915,70;6543,78;5970,76;13491,39;20009,74;
11-05-2024;7298,56;6196,36;6112,47;13915,70;6544,11;5994,97;13494,92;20028,17;
12-05-2024;7301,29;6196,36;6133,84;13915,70;6544,37;6020,64;13497,65;20049,54;
13-05-2024;7303,11;6197,89;6133,84;13929,38;6544,54;6034,39;13500,99;20063,22;
14-05-2024;7304,94;6198,50;6133,84;13952,13;6544,94;6061,31;13503,44;20085,97;
15-05-2024;7306,79;6200,73;6133,84;13955,38;6545,10;6068,11;13507,52;20089,22;
16-05-2024;7308,72;6203,36;6133,84;13964,83;6545,36;6081,36;13512,8;20098,67;
17-05-2024;7310,60;6205,69;6133,84;13974,22;6545,56;6094,49;13516,30;20108,6;
18-05-2024;7313,64;6205,69;6145,34;13974,22;6546,4;6109,44;13519,33;20119,56;
19-05-2024;7316,75;6205,69;6157,68;13974,22;6546,21;6124,80;13522,44;20131,90;
20-05-2024;7319,88;6205,69;6164,17;13974,22;6546,41;6134,66;13525,57;20138,39;
21-05-2024;7321,75;6207,30;6164,17;13983,97;6547,2;6148,61;13529,5;20148,14;
22-05-2024;7323,77;6208,72;6164,17;13990,72;6547,18;6158,55;13532,48;20154,89;
23-05-2024;7325,81;6210,66;6164,17;14003,6;6547,45;6174,55;13536,47;20167,23;
24-05-2024;7327,70;6215,56;6164,17;14004,65;6547,70;6180,14;13543,26;20168,82;
25-05-2024;7331,75;6215,56;6171,38;14004,65;6548,19;6191,25;13547,30;20176,3;
26-05-2024;7333,75;6215,56;6180,63;14004,65;6548,39;6202,98;13549,31;20185,28;
27-05-2024;7335,31;6215,71;6180,63;14016,36;6548,39;6216,88;13551,2;20196,99;
28-05-2024;7336,84;6216,6;6180,63;14029,56;6548,39;6232,18;13552,90;20210,19;
29-05-2024;7338,56;6216,95;6180,63;14042,24;6549,16;6248,23;13555,51;20222,87;
30-05-2024;7340,55;6218,35;6180,63;14052,73;6549,65;6262,93;13558,89;20233,36;
31-05-2024;7342,55;6221,16;6180,63;14060,28;6549,99;6277,32;13563,71;20240,91;
01-06-2024;7347,62;6221,16;6182,45;14060,28;6550,82;6281,64;13568,78;20242,73;
02-06-2024;7351,84;6221,16;6192,94;14060,28;6552,26;6296,90;13573,0;20253,22;
03-06-2024;7353,74;6222,43;6192,94;14068,29;6553,16;6309,24;13576,17;20261,23;
04-06-2024;7355,73;6223,79;6192,94;14079,45;6553,71;6324,66;13579,52;20272,39;
05-06-2024;7357,52;6224,41;6192,94;14101,30;6553,94;6351,23;13581,93;20294,24;
06-06-2024;7359,53;6225,47;6192,94;14116,64;6554,56;6372,28;13584,99;20309,58;
07-06-2024;7361,50;6226,5;6192,94;14135,87;6555,1;6395,94;13587,55;20328,81;
08-06-2024;7364,59;6226,5;6207,57;14135,87;6555,34;6414,66;13590,64;20343,44;
09-06-2024;7367,51;6226,5;6228,27;14135,87;6555,57;6439,97;13593,55;20364,14;
10-06-2024;7369,48;6229,92;6228,27;14144,28;6555,88;6452,30;13599,40;20372,55;
11-06-2024;7371,42;6230,80;6228,27;14156,66;6557,10;6467,89;13602,22;20384,93;
12-06-2024;7373,40;6231,52;6228,27;14172,27;6557,70;6487,43;13604,93;20400,54;
13-06-2024;7375,37;6232,63;6228,27;14188,3;6558,26;6508,72;13607,99;20416,30;
14-06-2024;7377,44;6235,24;6228,27;14192,55;6559,81;6517,16;13612,67;20420,82;
15-06-2024;7382,52;6235,24;6238,90;14192,55;6560,29;6531,87;13617,75;20431,45;
16-06-2024;7385,43;6235,24;6251,97;14192,55;6560,81;6548,62;13620,67;20444,52;
17-06-2024;7387,40;6236,20;6251,97;14211,51;6561,8;6572,63;13623,60;20463,48;
18-06-2024;7389,40;6238,10;6251,97;14214,34;6561,23;6578,73;13627,49;20466,31;
19-06-2024;7391,25;6239,33;6251,97;14233,66;6561,45;6603,7;13630,59;20485,63;
20-06-2024;7393,17;6240,47;6251,97;14246,70;6561,68;6620,15;13633,64;20498,67;
21-06-2024;7394,87;6241,46;6251,97;14249,78;6561,94;6626,5;13636,33;20501,75;
22-06-2024;7396,96;6241,46;6264,93;14249,78;6562,48;6642,65;13638,42;20514,71;
23-06-2024;7399,72;6241,46;6285,82;14249,78;6562,64;6668,32;13641,18;20535,60;
24-06-2024;7401,79;6242,46;6285,82;14271,69;6562,95;6694,47;13644,25;20557,51;
25-06-2024;7403,74;6243,42;6285,82;14292,80;6563,29;6720,58;13647,16;20578,62;
26-06-2024;7405,87;6243,93;6285,82;14315,2;6563,51;6746,96;13649,80;20600,84;
27-06-2024;7407,91;6245,17;6285,82;14335,77;6563,85;6772,6;13653,8;20621,59;
28-06-2024;7409,88;6246,70;6285,82;14353,9;6564,3;6794,81;13656,57;20638,91;
29-06-2024;7413,23;6246,70;6304,55;14353,9;6564,36;6817,57;13659,93;20657,64;
30-06-2024;7416,61;6246,70;6317,0;14353,9;6564,58;6834,26;13663,30;20670,9;
01-07-2024;7418,70;6247,92;6317,1;14368,67;6564,84;6854,39;13666,62;20685,68;
02-07-2024;7420,83;6248,83;6317,1;14376,87;6564,97;6866,56;13669,67;20693,88;
03-07-2024;7422,82;6250,82;6317,1;14382,91;6565,26;6876,40;13673,63;20699,92;
04-07-2024;7424,85;6252,52;6317,1;14402,57;6565,76;6902,63;13677,37;20719,58;
05-07-2024;7426,87;6254,53;6317,1;14408,7;6565,88;6912,20;13681,41;20725,8;
06-07-2024;7430,78;6254,53;6330,45;14408,7;6566,31;6931,59;13685,31;20738,52;
07-07-2024;7434,36;6254,53;6341,74;14408,7;6566,44;6946,85;13688,89;20749,81;
08-07-2024;7436,35;6256,36;6341,74;14420,57;6566,62;6963,68;13692,70;20762,31;
09-07-2024;7438,46;6258,46;6341,74;14431,33;6566,87;6978,37;13696,92;20773,7;
10-07-2024;7440,50;6259,56;6341,74;14442,73;6567,12;6994,32;13700,6;20784,47;
11-07-2024;7442,59;6261,13;6341,74;14459,30;6567,33;7015,76;13703,72;20801,4;
12-07-2024;7444,65;6265,0;6341,74;14461,98;6567,58;7021,56;13709,65;20803,72;
13-07-2024;7447,89;6265,0;6349,30;14461,98;6567,94;7033,7;13712,89;20811,28;
14-07-2024;7450,60;6265,0;6369,47;14461,98;6568,15;7056,99;13715,60;20831,45;
15-07-2024;7452,65;6265,78;6369,47;14479,37;6568,45;7078,23;13718,42;20848,84;
16-07-2024;7454,70;6267,94;6369,47;14490,89;6568,59;7094,68;13722,64;20860,36;
17-07-2024;7456,64;6268,88;6369,48;14511,91;6568,80;7119,92;13725,52;20881,39;
18-07-2024;7458,74;6269,84;6369,48;14526,48;6569,6;7138,34;13728,58;20895,96;
19-07-2024;7460,77;6271,90;6369,48;14540,63;6569,24;7157,77;13732,68;20910,11;
20-07-2024;7463,44;6271,90;6386,90;14540,63;6569,54;7180,27;13735,34;20927,53;
21-07-2024;7467,64;6271,90;6393,30;14540,63;6569,67;7189,97;13739,55;20933,93;
22-07-2024;7469,70;6273,60;6393,30;14558,6;6570,9;7211,31;13743,30;20951,36;
23-07-2024;7471,77;6274,61;6393,30;14567,31;6570,33;7224,12;13746,38;20960,61;
24-07-2024;7473,73;6275,22;6393,30;14586,53;6570,52;7247,80;13748,94;20979,83;
25-07-2024;7476,92;6278,8;6393,30;14592,49;6570,94;7258,26;13755,0;20985,79;
26-07-2024;7477,74;6278,76;6393,30;14608,8;6570,95;7278,17;13756,50;21001,38;
27-07-2024;7480,50;6278,76;6409,92;14608,8;6571,38;7299,57;13759,26;21018,0;
28-07-2024;7483,31;6278,76;6431,86;14608,8;6571,55;7325,75;13762,7;21039,94;
29-07-2024;7485,26;6279,63;6431,86;14630,30;6571,85;7352,82;13764,90;21062,16;
30-07-2024;7487,14;6280,12;6431,86;14651,90;6571,98;7378,14;13767,25;21083,76;
31-07-2024;7489,17;6281,6;6431,86;14662,30;6572,27;7392,28;13770,23;21094,16;
01-08-2024;7491,17;6285,79;6431,86;14665,72;6572,42;7399,1;13776,96;21097,58;
02-08-2024;7493,16;6286,85;6431,86;14678,44;6572,66;7414,88;13780,1;21110,30;
03-08-2024;7495,34;6286,85;6442,28;14678,44;6572,96;7428,68;13782,19;21120,72;
04-08-2024;7499,30;6286,85;6451,89;14678,44;6573,8;7442,15;13786,16;21130,33;
05-08-2024;7501,24;6287,73;6451,89;14698,27;6573,46;7466,43;13788,97;21150,16;
06-08-2024;7503,20;6288,66;6451,89;14718,84;6573,77;7490,83;13791,86;21170,73;
07-08-2024;7505,31;6290,3;6451,89;14733,85;6573,94;7511,10;13795,34;21185,74;
08-08-2024;7507,41;6291,45;6451,89;14753,45;6574,17;7535,6;13798,86;21205,34;
09-08-2024;7509,52;6294,21;6451,89;14761,0;6574,29;7547,60;13803,73;21212,89;
10-08-2024;7512,96;6294,21;6474,5;14761,0;6574,66;7572,90;13807,17;21235,5;
11-08-2024;7515,69;6294,21;6495,54;14761,0;6574,90;7598,94;13809,91;21256,54;
12-08-2024;7517,74;6294,86;6495,54;14782,85;6575,10;7624,79;13812,60;21278,39;
13-08-2024;7519,72;6295,71;6495,54;14796,61;6575,46;7641,93;13815,43;21292,15;
14-08-2024;7521,72;6297,70;6495,54;14801,31;6575,76;7649,85;13819,43;21296,85;
15-08-2024;7523,65;6298,68;6495,54;14818,19;6576,19;7671,78;13822,33;21313,73;
16-08-2024;7525,84;6302,63;6495,54;14819,99;6576,27;7676,20;13828,46;21315,53;
17-08-2024;7528,87;6302,63;6517,55;14819,99;6576,59;7702,53;13831,50;21337,54;
18-08-2024;7531,85;6302,63;6532,25;14819,99;6576,84;7720,86;13834,48;21352,24;
19-08-2024;7533,86;6303,82;6532,25;14838,27;6576,96;7743,53;13837,67;21370,52;
20-08-2024;7536,1;6307,24;6532,25;14844,91;6577,21;7753,10;13843,25;21377,16;
21-08-2024;7538,12;6308,8;6532,25;14862,41;6577,40;7774,24;13846,19;21394,66;
22-08-2024;7540,21;6310,67;6532,25;14877,78;6577,66;7793,88;13850,88;21410,3;
23-08-2024;7542,34;6313,86;6532,25;14886,23;6577,78;7807,58;13856,20;21418,48;
24-08-2024;7546,57;6313,86;6539,47;14886,23;6578,20;7818,8;13860,43;21425,70;
25-08-2024;7549,80;6313,86;6555,87;14886,23;6578,40;7837,73;13863,66;21442,10;
26-08-2024;7551,80;6315,4;6555,87;14900,82;6578,62;7855,58;13866,84;21456,69;
27-08-2024;7553,90;6315,99;6555,87;14922,3;6578,83;7881,50;13869,88;21477,90;
28-08-2024;7555,87;6316,60;6555,87;14943,85;6579,13;7907,25;13872,48;21499,72;
29-08-2024;7557,86;6318,9;6555,87;14961,17;6579,31;7928,34;13875,95;21517,4;
30-08-2024;7559,90;6319,73;6555,87;14973,1;6579,48;7943,80;13879,63;21528,88;
31-08-2024;7563,22;6319,73;6576,3;14973,1;6579,84;7967,86;13882,95;21549,4;
01-09-2024;7566,52;6319,73;6594,46;14973,1;6579,97;7989,55;13886,25;21567,47;
02-09-2024;7568,53;6321,21;6594,46;14989,25;6580,36;8009,39;13889,74;21583,71;
03-09-2024;7570,57;6323,76;6594,46;14993,65;6580,55;8015,92;13894,33;21588,11;
04-09-2024;7572,58;6326,40;6594,46;15000,1;6580,73;8025,56;13898,99;21594,47;
05-09-2024;7574,84;6327,55;6594,46;15009,10;6580,96;8037,55;13902,40;21603,56;
06-09-2024;7577,10;6332,72;6594,46;15010,78;6581,6;8041,94;13909,82;21605,24;
07-09-2024;7580,81;6332,72;6611,0;15010,78;6581,48;8061,22;13913,53;21621,78;
08-09-2024;7584,71;6332,72;6627,60;15010,78;6581,63;8081,9;13917,43;21638,38;
09-09-2024;7586,77;6334,73;6627,60;15020,33;6581,78;8093,97;13921,50;21647,93;
10-09-2024;7588,75;6337,49;6627,60;15024,6;6581,90;8100,0;13926,24;21651,66;
11-09-2024;7590,82;6340,59;6627,60;15035,88;6582,25;8114,53;13931,40;21663,48;
12-09-2024;7593,15;6344,99;6627,60;15043,28;6582,38;8126,96;13938,14;21670,88;
13-09-2024;7595,47;6346,90;6627,60;15055,61;6582,64;8142,23;13942,37;21683,21;
14-09-2024;7599,31;6346,90;6644,12;15055,61;6583,0;8163,7;13946,21;21699,73;
15-09-2024;7603,53;6346,90;6660,5;15055,61;6583,27;8182,83;13950,43;21715,66;
16-09-2024;7605,72;6349,52;6660,5;15065,47;6583,42;8196,10;13955,24;21725,52;
17-09-2024;7607,82;6351,53;6660,5;15075,36;6583,67;8210,31;13959,35;21735,41;
18-09-2024;7609,84;6353,58;6660,5;15087,25;6583,88;8225,29;13963,41;21747,30;
19-09-2024;7611,93;6355,81;6660,5;15105,20;6584,43;8248,39;13967,74;21765,25;
20-09-2024;7613,91;6357,22;6660,5;15124,98;6584,75;8272,6;13971,13;21785,3;
21-09-2024;7616,59;6357,22;6681,40;15124,98;6584,94;8295,45;13973,80;21806,38;
22-09-2024;7620,98;6357,22;6687,80;15124,98;6585,12;8304,85;13978,19;21812,78;
23-09-2024;7622,90;6359,30;6687,80;15133,91;6585,26;8316,76;13982,19;21821,71;
24-09-2024;7624,96;6361,99;6687,80;15140,65;6585,45;8325,71;13986,95;21828,45;
25-09-2024;7627,15;6364,40;6687,80;15147,57;6585,76;8335,82;13991,55;21835,37;
26-09-2024;7629,32;6368,93;6687,80;15158,40;6586,4;8349,95;13998,25;21846,20;
27-09-2024;7631,66;6374,37;6687,80;15159,14;6586,54;8353,27;14006,2;21846,94;
28-09-2024;7640,54;6374,37;6702,2;15159,14;6587,49;8373,23;14014,91;21861,16;
29-09-2024;7643,28;6374,37;6708,72;15159,14;6587,62;8383,86;14017,65;21867,86;
30-09-2024;7645,45;6381,6;6708,72;15159,73;6588,12;8386,74;14026,51;21868,45;
01-10-2024;7648,50;6385,71;6708,72;15160,3;6588,26;8389,51;14034,22;21868,75;
02-10-2024;7651,13;6392,83;6708,72;15160,57;6588,30;8392,55;14043,95;21869,29;
03-10-2024;7653,63;6396,83;6708,72;15178,29;6588,47;8415,91;14050,46;21887,1;
04-10-2024;7657,6;6401,75;6708,72;15193,37;6588,47;8437,44;14058,81;21902,9;
05-10-2024;7662,52;6401,75;6726,67;15193,37;6588,47;8461,14;14064,27;21920,4;
06-10-2024;7669,78;6401,75;6739,18;15193,37;6588,47;8477,21;14071,53;21932,55;
07-10-2024;7672,2;6405,57;6739,18;15208,2;6588,47;8495,68;14077,58;21947,20;
08-10-2024;7674,19;6408,43;6739,18;15216,72;6588,47;8507,77;14082,61;21955,90;
09-10-2024;7676,46;6415,23;6739,18;15217,27;6588,47;8510,45;14091,69;21956,45;
10-10-2024;7678,65;6421,30;6739,18;15221,30;6589,69;8517,92;14099,95;21960,48;
11-10-2024;7681,7;6431,8;6739,18;15229,4;6590,16;8531,73;14112,15;21968,22;
12-10-2024;7690,92;6431,8;6741,33;15229,4;6591,14;8536,86;14122,0;21970,37;
13-10-2024;7699,34;6431,8;6745,89;15229,4;6591,84;8545,79;14130,42;21974,93;
14-10-2024;7702,3;6439,52;6745,89;15231,12;6592,74;8550,11;14141,55;21977,1;
15-10-2024;7704,78;6447,34;6745,89;15234,74;6593,50;8557,66;14152,12;21980,63;
16-10-2024;7707,33;6454,56;6745,89;15242,60;6594,27;8570,66;14161,89;21988,49;
17-10-2024;7709,57;6460,36;6745,89;15249,4;6594,54;8580,3;14169,94;21994,93;
18-10-2024;7711,95;6467,62;6745,89;15251,56;6594,76;8585,15;14179,57;21997,45;
19-10-2024;7718,85;6467,62;6747,46;15251,56;6595,34;8589,95;14186,46;21999,2;
20-10-2024;7726,61;6467,62;6752,21;15251,56;6595,52;8596,99;14194,22;22003,77;
21-10-2024;7728,84;6474,55;6752,21;15252,54;6595,70;8599,90;14203,39;22004,75;
22-10-2024;7731,22;6478,55;6752,21;15265,26;6595,98;8617,48;14209,76;22017,47;
23-10-2024;7733,62;6483,32;6752,21;15274,75;6597,54;8630,40;14216,94;22026,96;
24-10-2024;7735,98;6487,79;6752,21;15291,45;6598,19;8651,31;14223,78;22043,66;
25-10-2024;7738,34;6492,73;6752,21;15304,48;6598,45;8669,1;14231,7;22056,69;
26-10-2024;7745,37;6492,73;6764,98;15304,48;6599,16;8685,47;14238,11;22069,46;
27-10-2024;7752,32;6492,73;6779,17;15304,48;6599,47;8702,15;14245,5;22083,65;
28-10-2024;7754,65;6499,4;6779,17;15306,91;6599,90;8707,56;14253,69;22086,8;
29-10-2024;7756,95;6506,67;6779,17;15306,91;6600,11;8708,86;14263,62;22086,8;
30-10-2024;7759,6;6514,45;6779,17;15306,92;6600,44;8710,73;14273,51;22086,9;
31-10-2024;7761,14;6524,41;6779,17;15307,62;6600,89;8713,31;14285,56;22086,79;
01-11-2024;7763,25;6536,11;6779,17;15307,62;6601,36;8714,31;14299,37;22086,79;
02-11-2024;7775,16;6536,11;6779,39;15307,62;6601,95;8716,74;14311,28;22087,1;
03-11-2024;7786,59;6536,11;6779,46;15307,62;6602,60;8719,48;14322,70;22087,8;
04-11-2024;7788,99;6546,11;6779,46;15312,77;6603,77;8727,21;14335,10;22092,23;
05-11-2024;7791,32;6562,6;6779,46;15312,78;6604,78;8729,18;14353,37;22092,24;
06-11-2024;7793,65;6574,94;6779,46;15312,84;6605,49;8731,37;14368,59;22092,30;
07-11-2024;7795,81;6590,67;6779,46;15312,84;6606,37;8732,27;14386,48;22092,30;
08-11-2024;7798,44;6605,86;6779,46;15312,84;6606,78;8733,26;14404,29;22092,30;
09-11-2024;7814,59;6605,86;6779,46;15312,84;6607,70;8733,84;14420,45;22092,30;
10-11-2024;7829,33;6605,86;6779,46;15312,84;6608,46;8735,89;14435,18;22092,30;
11-11-2024;7831,64;6615,1;6779,46;15319,71;6609,28;8746,69;14446,64;22099,17;
12-11-2024;7834,6;6625,84;6779,46;15321,25;6610,10;8749,94;14459,89;22100,71;
13-11-2024;7836,46;6637,43;6779,46;15323,11;6610,76;8754,73;14473,89;22102,57;
14-11-2024;7838,83;6652,21;6779,46;15323,73;6611,34;8757,45;14491,4;22103,19;
15-11-2024;7841,31;6666,79;6779,46;15323,77;6611,89;8758,91;14508,10;22103,23;
16-11-2024;7856,0;6666,79;6779,50;15323,77;6612,53;8760,48;14522,79;22103,27;
17-11-2024;7868,23;6666,79;6785,46;15323,77;6613,3;8770,98;14535,1;22109,23;
18-11-2024;7870,68;6679,21;6785,46;15326,32;6613,47;8777,17;14549,89;22111,78;
19-11-2024;7873,8;6694,56;6785,46;15326,33;6614,37;8777,99;14567,64;22111,79;
20-11-2024;7875,62;6710,59;6785,46;15329,26;6615,49;8783,36;14586,20;22114,72;
21-11-2024;7879,45;6734,68;6785,46;15329,26;6616,89;8786,0;14614,13;22114,72;
22-11-2024;7883,63;6753,63;6785,46;15330,24;6618,32;8789,94;14637,26;22115,70;
23-11-2024;7915,83;6753,63;6785,46;15330,24;6620,0;8791,5;14669,46;22115,70;
24-11-2024;7932,85;6753,63;6787,57;15330,24;6620,97;8798,29;14686,48;22117,81;
25-11-2024;7935,2;6766,67;6787,57;15330,24;6621,47;8798,84;14701,69;22117,81;
26-11-2024;7937,19;6777,66;6787,57;15333,19;6622,17;8805,18;14714,85;22120,76;
27-11-2024;7939,51;6793,74;6787,57;15333,19;6622,80;8805,64;14733,25;22120,76;
28-11-2024;7942,0;6808,20;6787,57;15338,91;6623,79;8819,31;14750,21;22126,48;
29-11-2024;7944,73;6821,26;6787,57;15346,71;6624,82;8834,65;14765,99;22134,28;
30-11-2024;7962,46;6821,26;6790,72;15346,71;6626,19;8843,81;14783,72;22137,43;
01-12-2024;7977,3;6821,26;6794,96;15346,71;6627,26;8853,81;14798,29;22141,67;
02-12-2024;7979,38;6837,8;6794,96;15347,14;6628,11;8856,49;14816,46;22142,10;
03-12-2024;7981,71;6849,18;6794,96;15350,49;6628,89;8864,42;14830,88;22145,45;
04-12-2024;7984,25;6866,11;6794,96;15351,37;6630,2;8867,7;14850,36;22146,33;
05-12-2024;7986,72;6888,50;6794,96;15351,37;6631,26;8867,27;14875,22;22146,33;
06-12-2024;7989,9;6902,7;6794,96;15353,76;6632,21;8871,28;14891,16;22148,72;
07-12-2024;8007,26;6902,7;6795,85;15353,76;6633,34;8874,45;14909,33;22149,61;
08-12-2024;8029,29;6902,7;6795,87;15353,76;6634,27;8875,11;14931,36;22149,63;
09-12-2024;8031,73;6919,24;6795,87;15353,76;6635,63;8876,6;14950,97;22149,63;
10-12-2024;8034,19;6942,22;6795,87;15353,76;6636,84;8876,43;14976,40;22149,63;
11-12-2024;8036,47;6949,95;6795,87;15353,76;6637,90;8876,76;14986,42;22149,63;
12-12-2024;8039,35;6953,22;6795,87;15353,77;6638,87;8877,62;14992,58;22149,64;
13-12-2024;8043,39;6973,3;6795,87;15353,77;6640,57;8877,90;15016,41;22149,64;
14-12-2024;8072,77;6973,3;6795,87;15353,77;6642,59;8879,0;15045,80;22149,64;
15-12-2024;8095,49;6973,3;6795,87;15353,77;6643,81;8879,87;15068,51;22149,64;
16-12-2024;8097,90;6989,36;6795,87;15353,77;6644,74;8880,58;15087,27;22149,64;
17-12-2024;8100,28;7004,55;6795,87;15353,82;6645,50;8882,33;15104,83;22149,69;
18-12-2024;8102,62;7020,70;6795,87;15353,83;6646,32;8883,29;15123,32;22149,70;
19-12-2024;8104,89;7042,11;6795,87;15353,85;6646,95;8883,99;15147,0;22149,72;
20-12-2024;8107,23;7056,28;6795,87;15356,90;6647,95;8892,5;15163,52;22152,77;
21-12-2024;8130,44;7056,28;6795,87;15356,90;6649,4;8892,68;15186,72;22152,77;
22-12-2024;8148,66;7056,28;6796,97;15356,90;6649,91;8896,18;15204,94;22153,87;
23-12-2024;8151,20;7074,69;6796,97;15358,74;6651,34;8902,17;15225,89;22155,71;
24-12-2024;8153,31;7081,60;6796,97;15358,75;6652,10;8902,62;15234,90;22155,72;
25-12-2024;8167,53;7081,60;6796,97;15358,75;6652,83;8903,10;15249,13;22155,72;
26-12-2024;8188,11;7081,60;6796,97;15358,75;6653,93;8903,74;15269,71;22155,72;
27-12-2024;8191,26;7108,74;6796,97;15358,75;6654,96;8904,52;15300,1;22155,72;
28-12-2024;8216,68;7108,74;6797,1;15358,75;6656,42;8906,63;15325,42;22155,76;
29-12-2024;8243,65;7108,74;6797,1;15358,75;6657,72;8906,96;15352,39;22155,76;
30-12-2024;8246,39;7130,15;6797,1;15358,75;6659,4;8907,76;15376,54;22155,76;
31-12-2024;8249,2;7152,15;6797,1;15358,76;6660,37;8908,73;15401,16;22155,77;
01-01-2025;8279,26;7152,15;6797,1;15358,76;6661,53;8909,6;15431,40;22155,77;
02-01-2025;8281,77;7167,82;6797,1;15362,14;6662,73;8917,15;15449,59;22159,15;
03-01-2025;8284,41;7187,36;6797,1;15363,75;6664,13;8923,39;15471,77;22160,76;
04-01-2025;8306,69;7187,36;6797,21;15363,75;6665,88;8926,69;15494,5;22160,96;
05-01-2025;8332,52;7187,36;6797,21;15363,75;6667,45;8926,89;15519,88;22160,96;
06-01-2025;8334,96;7205,75;6797,21;15363,91;6668,72;8928,44;15540,71;22161,12;
07-01-2025;8338,36;7222,42;6797,21;15367,11;6669,99;8936,29;15560,78;22164,32;
08-01-2025;8342,17;7243,60;6797,21;15367,22;6671,42;8939,26;15585,77;22164,43;
09-01-2025;8346,27;7264,6;6797,21;15368,53;6673,18;8945,53;15610,32;22165,74;
10-01-2025;8352,2;7281,61;6797,21;15374,96;6674,77;8960,88;15633,63;22172,17;
11-01-2025;8373,27;7281,61;6800,56;15374,96;6676,96;8974,27;15654,88;22175,52;
12-01-2025;8396,29;7281,61;6800,78;15374,96;6678,47;8977,69;15677,91;22175,74;
13-01-2025;8400,43;7295,97;6800,78;15381,95;6680,10;8994,11;15696,40;22182,73;
14-01-2025;8405,54;7316,61;6800,78;15383,59;6681,85;8999,33;15722,15;22184,37;
15-01-2025;8408,42;7339,28;6800,78;15383,59;6683,25;9000,38;15747,70;22184,37;
16-01-2025;8411,26;7362,0;6800,78;15383,59;6684,56;9001,19;15773,26;22184,37;
17-01-2025;8414,49;7385,20;6800,78;15383,59;6686,11;9001,77;15799,69;22184,37;
18-01-2025;8444,71;7385,20;6800,78;15383,59;6687,99;9002,78;15829,91;22184,37;
19-01-2025;8477,20;7385,20;6800,78;15383,59;6689,97;9003,44;15862,40;22184,37;
20-01-2025;8483,49;7410,99;6800,78;15383,59;6691,91;9004,5;15894,47;22184,37;
21-01-2025;8490,14;7436,16;6800,78;15383,59;6693,98;9005,35;15926,30;22184,37;
22-01-2025;8496,18;7460,65;6800,78;15383,59;6696,94;9006,17;15956,83;22184,37;
23-01-2025;8499,33;7484,7;6800,78;15383,62;6698,65;9008,82;15983,40;22184,40;
24-01-2025;8502,66;7508,4;6800,78;15383,62;6700,78;9009,35;16010,70;22184,40;
25-01-2025;8524,56;7508,4;6801,44;15383,62;6702,6;9012,30;16032,60;22185,6;
26-01-2025;8542,7;7508,4;6804,80;15383,62;6703,36;9023,95;16050,11;22188,42;
27-01-2025;8545,2;7521,31;6804,80;15391,75;6704,44;9038,23;16066,32;22196,55;
28-01-2025;8547,77;7541,11;6804,80;15391,75;6705,67;9039,62;16088,88;22196,55;
29-01-2025;8550,52;7555,56;6804,80;15393,98;6706,73;9046,84;16106,8;22198,78;
30-01-2025;8553,14;7574,26;6804,80;15394,51;6708,14;9049,78;16127,40;22199,31;
31-01-2025;8556,10;7587,66;6804,80;15396,45;6710,28;9057,53;16143,76;22201,25;
01-02-2025;8569,7;7587,66;6814,84;15396,45;6712,0;9076,73;16156,73;22211,29;
02-02-2025;8587,38;7587,66;6823,23;15396,45;6713,68;9096,62;16175,4;22219,68;
03-02-2025;8591,71;7601,5;6823,23;15405,11;6715,52;9115,35;16192,76;22228,34;
04-02-2025;8594,97;7620,81;6823,23;15405,13;6717,52;9117,62;16215,78;22228,36;
05-02-2025;8598,71;7640,28;6823,23;15405,14;6719,12;9120,5;16238,99;22228,37;
06-02-2025;8601,59;7660,81;6823,23;15406,66;6720,60;9125,18;16262,40;22229,89;
07-02-2025;8604,45;7682,80;6823,23;15406,66;6723,95;9126,45;16287,25;22229,89;
08-02-2025;8622,52;7682,80;6827,37;15406,66;6726,16;9133,69;16305,32;22234,3;
09-02-2025;8641,81;7682,80;6827,82;15406,66;6728,26;9137,50;16324,61;22234,48;
10-02-2025;8644,51;7702,92;6827,82;15406,66;6730,84;9138,90;16347,44;22234,48;
11-02-2025;8647,59;7724,71;6827,82;15406,66;6732,56;9139,63;16372,29;22234,48;
12-02-2025;8651,11;7744,79;6827,82;15406,68;6733,92;9141,99;16395,90;22234,50;
13-02-2025;8654,38;7767,53;6827,82;15406,69;6735,85;9144,35;16421,91;22234,51;
14-02-2025;8659,68;7790,90;6827,82;15408,35;6737,80;9155,24;16450,57;22236,17;
15-02-2025;8684,8;7790,90;6828,39;15408,35;6740,7;9161,55;16474,98;22236,74;
16-02-2025;8703,40;7790,90;6839,27;15408,35;6742,34;9179,91;16494,30;22247,62;
17-02-2025;8708,18;7801,72;6839,27;15419,52;6744,73;9202,32;16509,90;22258,79;
18-02-2025;8713,48;7814,13;6839,27;15430,17;6746,88;9224,11;16527,61;22269,44;
19-02-2025;8718,29;7831,56;6839,27;15433,94;6748,87;9236,93;16549,84;22273,21;
20-02-2025;8721,10;7850,53;6839,27;15434,14;6750,52;9240,79;16571,63;22273,41;
21-02-2025;8724,14;7862,48;6839,27;15441,22;6751,31;9253,60;16586,62;22280,49;
22-02-2025;8737,11;7862,48;6839,41;15441,22;6752,21;9255,52;16599,59;22280,63;
23-02-2025;8747,56;7862,48;6854,0;15441,22;6752,75;9275,80;16610,4;22295,22;
24-02-2025;8750,4;7875,24;6854,0;15441,40;6753,48;9278,45;16625,29;22295,40;
25-02-2025;8752,32;7883,82;6854,0;15444,99;6753,74;9286,0;16636,15;22298,99;
26-02-2025;8754,77;7892,41;6854,0;15455,43;6754,46;9303,20;16647,18;22309,43;
27-02-2025;8757,21;7906,96;6854,0;15457,62;6755,47;9309,97;16664,17;22311,62;
28-02-2025;8759,90;7918,81;6854,0;15465,57;6756,48;9323,86;16678,71;22319,57;
01-03-2025;8776,33;7918,81;6856,40;15465,57;6758,2;9331,43;16695,13;22321,97;
02-03-2025;8787,82;7918,81;6871,54;15465,57;6759,49;9355,10;16706,63;22337,11;
03-03-2025;8790,35;7926,31;6871,54;15481,68;6761,21;9378,69;16716,65;22353,22;
04-03-2025;8793,54;7935,92;6871,54;15497,58;6762,57;9401,87;16729,46;22369,12;
05-03-2025;8796,11;7942,67;6871,54;15515,39;6763,79;9426,35;16738,78;22386,93;
06-03-2025;8798,49;7949,13;6871,54;15530,95;6764,83;9449,46;16747,62;22402,49;
07-03-2025;8800,81;7956,71;6871,54;15548,66;6765,44;9472,58;16757,52;22420,20;
08-03-2025;8807,70;7956,71;6890,71;15548,66;6766,45;9495,96;16764,41;22439,37;
09-03-2025;8814,93;7956,71;6906,45;15548,66;6767,5;9517,61;16771,64;22455,11;
10-03-2025;8817,35;7961,83;6906,45;15567,99;6767,71;9541,12;16779,18;22474,44;
11-03-2025;8820,3;7969,86;6906,45;15571,24;6768,65;9548,90;16789,89;22477,69;
12-03-2025;8822,64;7978,60;6906,45;15579,72;6769,68;9562,55;16801,24;22486,17;
13-03-2025;8825,55;7990,2;6906,45;15587,29;6770,79;9576,48;16815,58;22493,74;
14-03-2025;8828,12;7993,85;6906,45;15598,46;6772,31;9592,14;16821,96;22504,91;
15-03-2025;8831,20;7993,85;6921,67;15598,46;6773,6;9609,40;16825,4;22520,13;
16-03-2025;8839,82;7993,85;6945,43;15598,46;6774,56;9635,52;16833,67;22543,89;
17-03-2025;8845,22;8004,21;6945,43;15607,48;6777,12;9652,24;16849,42;22552,91;
18-03-2025;8848,58;8010,33;6945,43;15628,10;6779,2;9680,69;16858,91;22573,53;
19-03-2025;8851,65;8016,87;6945,43;15645,40;6780,32;9707,6;16868,53;22590,83;
20-03-2025;8853,90;8021,31;6945,43;15665,17;6781,7;9731,86;16875,21;22610,60;
21-03-2025;8856,43;8032,50;6945,43;15672,63;6781,47;9753,86;16888,93;22618,6;
22-03-2025;8864,36;8032,50;6949,4;15672,63;6782,8;9762,67;16896,86;22621,67;
23-03-2025;8873,15;8032,50;6961,38;15672,63;6782,62;9780,40;16905,65;22634,1;
24-03-2025;8875,61;8039,78;6961,38;15689,24;6783,8;9800,29;16915,39;22650,62;
25-03-2025;8878,17;8047,3;6961,38;15701,20;6783,54;9815,56;16925,19;22662,58;
26-03-2025;8880,67;8056,93;6961,38;15704,99;6784,32;9822,54;16937,60;22666,37;
27-03-2025;8883,21;8060,45;6961,38;15725,25;6785,18;9848,87;16943,65;22686,63;
28-03-2025;8885,49;8074,55;6961,38;15727,36;6785,94;9854,50;16960,4;22688,74;
29-03-2025;8893,82;8074,55;6978,87;15727,36;6786,88;9879,29;16968,38;22706,23;
30-03-2025;8901,12;8074,55;6991,10;15727,36;6787,72;9898,26;16975,67;22718,46;
31-03-2025;8903,69;8079,52;6991,10;15745,68;6789,58;9922,95;16983,20;22736,78;
01-04-2025;8906,26;8083,50;6991,10;15767,6;6790,65;9950,30;16989,76;22758,16;
02-04-2025;8908,70;8087,4;6991,10;15789,33;6791,23;9977,38;16995,74;22780,43;
03-04-2025;8911,2;8090,65;6991,10;15811,24;6791,83;10004,60;17001,67;22802,34;
04-04-2025;8913,59;8095,67;6991,10;15829,98;6792,34;10031,53;17009,25;22821,8;
05-04-2025;8917,22;8095,67;7014,59;15829,98;6792,94;10059,65;17012,89;22844,57;
06-04-2025;8922,51;8095,67;7037,73;15829,98;6793,48;10088,89;17018,17;22867,71;
07-04-2025;8924,91;8098,73;7037,73;15852,53;6794,29;10117,39;17023,63;22890,26;
08-04-2025;8927,41;8102,8;7037,73;15874,85;6795,14;10144,48;17029,48;22912,58;
09-04-2025;8929,88;8106,30;7037,73;15891,93;6795,82;10167,84;17036,18;22929,66;
10-04-2025;8932,27;8110,37;7037,73;15904,73;6796,49;10186,3;17042,64;22942,46;
11-04-2025;8934,55;8113,86;7037,73;15923,57;6797,5;10213,25;17048,41;22961,30;
12-04-2025;8938,64;8113,86;7061,9;15923,57;6797,81;10240,69;17052,50;22984,66;
13-04-2025;8942,59;8113,86;7068,28;15923,57;6798,26;10251,47;17056,44;22991,85;
14-04-2025;8944,60;8116,53;7068,28;15942,88;6798,64;10276,52;17061,13;23011,16;
15-04-2025;8946,94;8118,92;7068,28;15950,41;6798,88;10287,60;17065,86;23018,69;
16-04-2025;8949,23;8122,56;7068,28;15953,64;6798,98;10294,83;17071,78;23021,92;
17-04-2025;8951,66;8131,49;7068,28;15958,31;6799,20;10303,53;17083,15;23026,59;
18-04-2025;8953,81;8134,58;7068,28;15978,45;6799,45;10328,51;17088,39;23046,73;
19-04-2025;8959,55;8134,58;7086,63;15978,45;6799,93;10354,62;17094,13;23065,8;
20-04-2025;8966,65;8134,58;7101,36;15978,45;6800,9;10375,64;17101,23;23079,81;
21-04-2025;8972,16;8134,58;7113,74;15978,45;6800,59;10392,17;17106,74;23092,19;
22-04-2025;8974,89;8138,17;7113,74;15992,17;6800,76;10410,14;17113,6;23105,91;
23-04-2025;8978,42;8143,22;7113,74;15993,90;6801,11;10416,28;17121,64;23107,64;
24-04-2025;8979,55;8146,57;7113,74;15995,85;6801,35;10420,32;17126,12;23109,59;
25-04-2025;8981,78;8150,65;7113,74;16013,37;6801,49;10443,81;17132,43;23127,11;
26-04-2025;8985,21;8150,65;7136,62;16013,37;6801,93;10471,3;17135,86;23149,99;
27-04-2025;8989,14;8150,65;7160,9;16013,37;6802,19;10498,75;17139,79;23173,46;
28-04-2025;8991,33;8151,84;7160,9;16036,87;6802,68;10526,16;17143,18;23196,96;
29-04-2025;8993,50;8153,58;7160,9;16059,22;6802,88;10553,48;17147,8;23219,31;
30-04-2025;8995,63;8154,47;7160,9;16081,30;6803,28;10579,50;17150,9;23241,39;
01-05-2025;8997,69;8155,74;7160,9;16103,41;6803,45;10606,16;17153,42;23263,50;
02-05-2025;8999,97;8157,2;7160,9;16122,13;6803,65;10629,46;17156,99;23282,22;
03-05-2025;9003,5;8157,2;7182,40;16122,13;6804,4;10655,95;17160,7;23304,53;
04-05-2025;9006,18;8157,2;7194,87;16122,13;6804,23;10671,93;17163,20;23317,0;
05-05-2025;9008,29;8158,34;7194,87;16132,28;6804,58;10685,87;17166,63;23327,15;
06-05-2025;9010,30;8159,91;7194,87;16144,83;6804,77;10702,61;17170,21;23339,70;
07-05-2025;9012,43;8161,64;7194,87;16152,59;6805,3;10713,84;17174,8;23347,46;
08-05-2025;9014,42;8162,74;7194,87;16172,62;6805,24;10739,8;17177,16;23367,49;
09-05-2025;9016,45;8163,43;7194,87;16196,7;6805,51;10767,47;17179,88;23390,94;
10-05-2025;9019,44;8163,43;7218,20;16196,7;6806,0;10795,36;17182,88;23414,27;
11-05-2025;9022,28;8163,43;7242,25;16196,7;6806,21;10823,9;17185,71;23438,32;
12-05-2025;9024,20;8164,92;7242,25;16216,34;6806,48;10849,27;17189,12;23458,59;
13-05-2025;9026,17;8165,63;7242,25;16240,3;6806,92;10877,7;17191,80;23482,28;
14-05-2025;9027,86;8166,2;7242,25;16262,38;6807,12;10902,36;17193,88;23504,63;
15-05-2025;9029,46;8166,23;7242,25;16278,40;6807,17;10920,56;17195,69;23520,65;
16-05-2025;9031,4;8166,48;7242,25;16302,36;6807,22;10946,70;17197,52;23544,61;
17-05-2025;9033,45;8166,48;7263,33;16302,36;6807,28;10971,16;17199,93;23565,69;
18-05-2025;9037,75;8166,48;7274,2;16302,36;6807,55;10985,52;17204,23;23576,38;
19-05-2025;9039,82;8167,26;7274,2;16325,24;6807,85;11013,3;17207,8;23599,26;
20-05-2025;9041,88;8167,76;7274,2;16348,66;6808,3;11040,41;17209,64;23622,68;
21-05-2025;9043,91;8168,49;7274,2;16363,69;6808,26;11059,90;17212,40;23637,71;
22-05-2025;9045,87;8170,93;7274,2;16379,67;6808,56;11081,50;17216,80;23653,69;
23-05-2025;9047,87;8172,73;7274,2;16392,52;6808,75;11099,53;17220,60;23666,54;
24-05-2025;9053,62;8172,73;7276,26;16392,52;6809,17;11104,96;17226,35;23668,78;
25-05-2025;9056,90;8172,73;7288,78;16392,52;6809,32;11121,52;17229,63;23681,30;
26-05-2025;9058,85;8174,24;7288,78;16409,36;6809,77;11142,71;17233,8;23698,14;
27-05-2025;9060,74;8177,41;7288,78;16416,40;6809,93;11152,45;17238,15;23705,18;
28-05-2025;9062,72;8178,30;7288,78;16425,35;6810,11;11165,34;17241,3;23714,13;
29-05-2025;9067,95;8178,30;7294,41;16425,35;6810,45;11176,1;17246,25;23719,76;
30-05-2025;9070,7;8179,92;7294,41;16440,16;6810,63;11195,82;17249,99;23734,57;
31-05-2025;9073,10;8179,92;7310,93;16440,16;6811,11;11216,96;17253,2;23751,9;
01-06-2025;9073,45;8179,92;7310,93;16440,16;6811,11;11216,96;17253,37;23751,9;
02-06-2025;9077,88;8181,13;7322,33;16458,6;6811,50;11254,62;17259,1;23780,39;
03-06-2025;9079,67;8182,44;7322,34;16473,91;6811,83;11275,13;17262,11;23796,25;
04-06-2025;9081,60;8183,53;7322,34;16484,81;6812,1;11290,4;17265,13;23807,15;
05-06-2025;9083,65;8185,72;7322,34;16494,35;6812,43;11303,80;17269,36;23816,69;
06-06-2025;9085,53;8186,83;7322,35;16509,2;6812,68;11323,22;17272,36;23831,37;
07-06-2025;9090,38;8186,83;7332,20;16509,2;6813,8;11337,4;17277,21;23841,22;
08-06-2025;9092,60;8186,83;7347,95;16509,2;6813,39;11355,96;17279,43;23856,97;
09-06-2025;9094,90;8186,83;7364,47;16509,2;6813,55;11375,81;17281,74;23873,49;
10-06-2025;9096,81;8189,66;7364,48;16515,5;6813,91;11385,97;17286,47;23879,53;
11-06-2025;9098,70;8189,88;7364,48;16538,36;6814,5;11413,11;17288,58;23902,84;
12-06-2025;9100,68;8190,91;7364,48;16560,49;6814,32;11439,71;17291,58;23924,97;
13-06-2025;9102,41;8191,81;7364,48;16575,35;6814,64;11458,49;17294,22;23939,83;
14-06-2025;9105,78;8191,81;7374,39;16575,35;6815,1;11471,84;17297,59;23949,74;
15-06-2025;9108,32;8191,81;7396,44;16575,35;6815,23;11497,47;17300,12;23971,79;
16-06-2025;9109,96;8192,10;7396,44;16599,50;6815,41;11524,55;17302,6;23995,94;
17-06-2025;9111,52;8192,17;7396,45;16622,71;6815,46;11550,42;17303,69;24019,16;
18-06-2025;9113,19;8192,62;7396,45;16645,34;6815,70;11576,56;17305,81;24041,79;
19-06-2025;9115,17;8193,43;7396,45;16666,18;6815,92;11601,37;17308,60;24062,63;
20-06-2025;9116,98;8194,28;7396,45;16687,76;6816,9;11627,93;17311,26;24084,21;
21-06-2025;9119,99;8194,28;7417,53;16687,76;6816,48;11654,65;17314,26;24105,29;
22-06-2025;9123,17;8194,28;7430,5;16687,76;6816,69;11671,30;17317,45;24117,81;
23-06-2025;9125,30;8195,82;7430,5;16705,3;6817,3;11692,62;17321,12;24135,8;
24-06-2025;9127,22;8197,47;7430,5;16713,27;6817,17;11705,8;17324,69;24143,32;
25-06-2025;9129,20;8197,84;7430,5;16730,21;6817,54;11725,56;17327,4;24160,26;
26-06-2025;9131,25;8199,31;7430,5;16738,77;6817,79;11738,3;17330,57;24168,82;
27-06-2025;9133,24;8200,19;7430,5;16756,68;6818,0;11760,63;17333,43;24186,73;
28-06-2025;9136,29;8200,19;7441,54;16756,68;6818,49;11776,19;17336,48;24198,22;
29-06-2025;9138,86;8200,19;7462,86;16756,68;6818,69;11802,18;17339,5;24219,54;
30-06-2025;9140,78;8201,14;7462,86;16778,94;6819,11;11828,40;17341,92;24241,80;
01-07-2025;9143,34;8202,2;7462,86;16798,3;6819,31;11852,44;17345,36;24260,89;
02-07-2025;9145,39;8202,81;7462,86;16814,52;6819,46;11874,10;17348,20;24277,38;
03-07-2025;9147,53;8204,29;7462,86;16835,62;6819,83;11900,86;17351,81;24298,48;
04-07-2025;9149,48;8204,80;7462,86;16855,23;6820,12;11925,17;17354,28;24318,9;
05-07-2025;9153,34;8204,80;7471,36;16855,23;6820,37;11937,26;17358,15;24326,59;
06-07-2025;9158,19;8204,80;7475,65;16855,23;6820,37;11945,5;17362,99;24330,88;
07-07-2025;9160,46;8205,60;7475,65;16870,69;6820,72;11965,9;17366,6;24346,34;
08-07-2025;9162,48;8206,30;7475,65;16884,70;6821,8;11983,48;17368,78;24360,35;
09-07-2025;9164,34;8207,45;7475,65;16906,77;6821,31;12011,32;17371,78;24382,42;
10-07-2025;9166,38;8208,84;7475,65;16926,40;6821,65;12035,82;17375,21;24402,5;
11-07-2025;9168,40;8209,60;7475,65;16944,3;6821,83;12058,33;17378,0;24419,68;
12-07-2025;9171,37;8209,60;7495,56;16944,3;6822,16;12081,77;17380,97;24439,59;
13-07-2025;9174,65;8209,60;7504,19;16944,3;6822,45;12094,23;17384,25;24448,22;
14-07-2025;9176,66;8210,74;7504,19;16956,33;6822,74;12110,60;17387,39;24460,52;
15-07-2025;9178,76;8211,50;7504,19;16969,37;6822,87;12127,9;17390,26;24473,56;
16-07-2025;9180,74;8212,88;7504,20;16978,75;6823,5;12140,98;17393,62;24482,95;
17-07-2025;9182,74;8213,72;7504,20;16999,61;6823,44;12166,72;17396,46;24503,81;
18-07-2025;9184,73;8216,4;7504,20;17014,29;6823,57;12186,43;17400,78;24518,49;
19-07-2025;9187,99;8216,4;7516,60;17014,29;6823,92;12203,26;17404,3;24530,89;
20-07-2025;9190,95;8216,4;7526,54;17014,29;6824,5;12217,5;17406,99;24540,83;
21-07-2025;9193,7;8217,64;7526,54;17028,45;6824,34;12234,82;17410,71;24554,99;
22-07-2025;9195,9;8218,73;7526,54;17042,73;6824,55;12254,31;17413,82;24569,27;
23-07-2025;9197,15;8221,58;7526,54;17048,40;6824,69;12263,42;17418,73;24574,94;
24-07-2025;9199,8;8222,39;7526,54;17066,0;6825,2;12284,94;17421,47;24592,54;
25-07-2025;9201,31;8226,19;7526,54;17069,91;6825,21;12293,85;17427,49;24596,45;
26-07-2025;9204,39;8226,19;7542,29;17069,91;6825,51;12313,89;17430,58;24612,20;
27-07-2025;9208,91;8226,19;7546,33;17069,91;6825,70;12322,14;17435,10;24616,24;
28-07-2025;9210,91;8227,27;7546,33;17082,11;6825,85;12338,48;17438,18;24628,44;
29-07-2025;9212,93;8228,46;7546,33;17098,73;6826,22;12359,55;17441,38;24645,6;
30-07-2025;9214,91;8229,25;7546,33;17116,76;6826,36;12382,14;17444,16;24663,9;
31-07-2025;9216,85;8230,67;7546,33;17124,81;6826,59;12393,37;17447,52;24671,14;
01-08-2025;9218,92;8232,3;7546,33;17138,49;6826,85;12410,91;17450,95;24684,82;
02-08-2025;9223,68;8232,3;7556,85;17138,49;6827,36;12425,34;17455,71;24695,34;
03-08-2025;9226,65;8232,3;7572,82;17138,49;6827,53;12444,68;17458,68;24711,31;
04-08-2025;9228,69;8233,35;7572,82;17152,31;6827,83;12462,27;17462,4;24725,13;
05-08-2025;9230,69;8234,25;7572,82;17173,18;6828,6;12486,66;17464,93;24746,0;
06-08-2025;9232,84;8234,92;7572,82;17190,68;6828,23;12508,48;17467,75;24763,50;
07-08-2025;9234,73;8236,20;7572,82;17205,21;6828,55;12526,75;17470,93;24778,3;
08-08-2025;9236,74;8237,14;7572,82;17217,8;6828,70;12542,44;17473,88;24789,90;
09-08-2025;9239,43;8237,14;7594,32;17217,8;6829,11;12567,69;17476,57;24811,40;
10-08-2025;9242,85;8237,14;7615,38;17217,8;6829,29;12592,51;17479,99;24832,46;
11-08-2025;9245,1;8237,67;7615,38;17239,18;6829,60;12618,50;17482,67;24854,56;
12-08-2025;9247,7;8238,27;7615,38;17259,77;6829,79;12642,50;17485,34;24875,15;
13-08-2025;9249,25;8239,30;7615,38;17277,30;6830,10;12664,5;17488,55;24892,68;
14-08-2025;9251,35;8240,78;7615,38;17296,53;6830,25;12687,62;17492,13;24911,91;
15-08-2025;9253,47;8241,27;7615,38;17316,45;6830,79;12710,73;17494,74;24931,83;
16-08-2025;9257,56;8241,27;7619,12;17316,45;6831,50;12717,8;17498,83;24935,57;
17-08-2025;9262,15;8241,27;7625,65;17316,45;6831,72;12726,94;17503,41;24942,10;
18-08-2025;9264,26;8242,51;7625,65;17329,44;6832,1;12743,43;17506,77;24955,9;
19-08-2025;9266,34;8243,37;7625,65;17351,6;6832,20;12768,89;17509,70;24976,71;
20-08-2025;9268,23;8244,57;7625,65;17366,83;6832,53;12788,40;17512,80;24992,48;
21-08-2025;9270,29;8246,10;7625,65;17379,32;6832,70;12805,49;17516,39;25004,97;
22-08-2025;9272,81;8249,56;7625,65;17383,41;6832,87;12814,53;17522,37;25009,6;
23-08-2025;9276,40;8249,56;7640,37;17383,41;6833,44;12833,52;17525,95;25023,78;
24-08-2025;9279,25;8249,56;7660,46;17383,41;6833,67;12857,77;17528,80;25043,87;
25-08-2025;9281,16;8250,41;7660,46;17405,16;6833,93;12883,38;17531,57;25065,62;
26-08-2025;9283,12;8251,43;7660,46;17419,4;6834,27;12900,80;17534,56;25079,50;
27-08-2025;9285,13;8253,83;7660,46;17429,53;6834,48;12915,86;17538,97;25089,99;
28-08-2025;9287,29;8255,42;7660,46;17441,53;6834,80;12931,50;17542,71;25101,99;
29-08-2025;9289,34;8257,29;7660,46;17452,33;6834,94;12945,46;17546,62;25112,79;
30-08-2025;9292,5;8257,29;7677,47;17452,33;6835,39;12965,35;17549,34;25129,80;
31-08-2025;9296,91;8257,29;7684,52;17452,33;6835,52;12975,94;17554,20;25136,85;
01-09-2025;9299,9;8258,77;7684,52;17469,14;6835,72;12997,35;17557,86;25153,66;
02-09-2025;9301,17;8260,54;7684,52;17485,44;6836,13;13016,74;17561,71;25169,96;
03-09-2025;9302,95;8262,0;7684,52;17490,92;6836,34;13023,97;17564,95;25175,44;
04-09-2025;9304,75;8262,49;7684,52;17505,6;6836,39;13040,17;17567,24;25189,58;
05-09-2025;9306,75;8263,89;7684,52;17522,4;6836,63;13060,39;17570,64;25206,56;
06-09-2025;9310,69;8263,89;7701,83;17522,4;6836,84;13082,83;17574,59;25223,87;
07-09-2025;9313,69;8263,89;7724,44;17522,4;6837,7;13109,8;17577,58;25246,48;
08-09-2025;9315,77;8265,57;7724,44;17535,6;6837,49;13125,80;17581,34;25259,50;
09-09-2025;9317,89;8267,42;7724,44;17547,13;6837,63;13140,86;17585,31;25271,57;
10-09-2025;9319,96;8270,72;7724,44;17558,36;6837,88;13154,85;17590,68;25282,80;
11-09-2025;9322,28;8272,99;7724,44;17569,9;6838,15;13169,56;17595,27;25293,53;
12-09-2025;9323,78;8274,10;7724,44;17586,9;6838,45;13190,62;17597,88;25310,53;
13-09-2025;9328,85;8274,10;7732,79;17586,9;6838,78;13202,60;17602,95;25318,88;
14-09-2025;9333,54;8274,10;7748,9;17586,9;6839,6;13221,52;17607,64;25334,18;
15-09-2025;9336,79;8275,83;7748,9;17603,93;6839,35;13242,79;17612,62;25352,2;
16-09-2025;9337,63;8278,70;7748,9;17611,36;6839,53;13253,26;17616,33;25359,45;
17-09-2025;9339,80;8284,96;7748,9;17612,60;6839,81;13256,97;17624,76;25360,69;
18-09-2025;9341,92;8287,43;7748,9;17617,25;6840,9;13264,61;17629,35;25365,34;
19-09-2025;9344,9;8289,49;7748,9;17634,96;6840,23;13286,59;17633,58;25383,5;
20-09-2025;9348,24;8289,49;7752,31;17634,96;6840,74;13292,75;17637,73;25387,27;
21-09-2025;9352,16;8289,49;7759,66;17634,96;6840,89;13302,81;17641,65;25394,62;
22-09-2025;9354,8;8291,41;7759,66;17650,14;6841,12;13321,60;17645,49;25409,80;
23-09-2025;9356,9;8293,62;7759,66;17664,36;6841,39;13339,2;17649,71;25424,2;
24-09-2025;9357,95;8295,62;7759,66;17677,94;6841,54;13355,2;17653,57;25437,60;
25-09-2025;9360,59;8299,84;7759,66;17683,99;6842,10;13364,76;17660,43;25443,65;
26-09-2025;9363,27;8304,18;7759,66;17688,30;6842,21;13373,47;17667,45;25447,96;
27-09-2025;9368,73;8304,18;7767,38;17688,30;6842,60;13384,2;17672,91;25455,68;
28-09-2025;9372,65;8304,18;7786,98;17688,30;6842,79;13407,36;17676,83;25475,28;
29-09-2025;9374,94;8306,49;7786,98;17703,70;6842,98;13425,73;17681,43;25490,68;
30-09-2025;9377,0;8308,60;7786,98;17715,74;6843,30;13439,94;17685,60;25502,72;
01-10-2025;9379,28;8310,78;7786,98;17730,52;6843,52;13457,31;17690,6;25517,50;
02-10-2025;9381,44;8314,80;7786,98;17739,62;6843,95;13468,95;17696,24;25526,60;
03-10-2025;9385,26;8326,94;7786,98;17740,47;6844,10;13471,90;17712,20;25527,45;
04-10-2025;9389,3;8326,94;7797,37;17740,47;6844,62;13484,80;17715,97;25537,84;
05-10-2025;9397,11;8326,94;7806,5;17740,47;6844,78;13496,69;17724,5;25546,52;
06-10-2025;9398,97;8330,24;7806,5;17742,17;6844,99;13500,10;17729,21;25548,22;
07-10-2025;9401,11;8333,20;7806,5;17744,4;6845,41;13503,76;17734,31;25550,9;
08-10-2025;9403,5;8336,6;7806,5;17744,93;6845,75;13506,36;17739,11;25550,98;
09-10-2025;9405,8;8338,57;7806,5;17753,35;6846,18;13517,87;17743,65;25559,40;
10-10-2025;9407,78;8343,19;7806,5;17758,14;6846,55;13524,70;17750,97;25564,19;
11-10-2025;9414,95;8343,19;7806,41;17758,14;6846,92;13526,31;17758,14;25564,55;
12-10-2025;9422,14;8343,19;7809,8;17758,14;6847,15;13531,28;17765,33;25567,22;
13-10-2025;9424,21;8348,72;7809,8;17760,67;6847,46;13536,72;17772,93;25569,75;
14-10-2025;9426,28;8351,88;7809,8;17763,59;6847,85;13541,62;17778,16;25572,67;
15-10-2025;9428,85;8356,97;7809,8;17764,0;6848,24;13543,39;17785,82;25573,8;
16-10-2025;9431,55;8361,57;7809,8;17768,44;6848,94;13549,76;17793,12;25577,52;
17-10-2025;9434,17;8370,92;7809,8;17769,68;6849,42;13553,20;17805,9;25578,76;
18-10-2025;9438,49;8370,92;7818,63;17769,68;6849,96;13564,34;17809,41;25588,31;
19-10-2025;9447,33;8370,92;7824,14;17769,68;6850,12;13574,86;17818,25;25593,82;
20-10-2025;9449,87;8377,51;7824,14;17771,79;6850,33;13579,76;17827,38;25595,93;
21-10-2025;9452,81;8382,12;7824,14;17776,70;6850,66;13586,52;17834,93;25600,84;
22-10-2025;9455,80;8387,85;7824,14;17781,99;6851,5;13594,73;17843,65;25606,13;
23-10-2025;9458,56;8395,45;7824,14;17782,38;6851,23;13596,63;17854,1;25606,52;
24-10-2025;9460,31;8399,8;7824,14;17793,87;6851,71;13611,35;17859,39;25618,1;
25-10-2025;9475,50;8399,8;7824,37;17793,87;6852,15;13614,8;17874,58;25618,24;
26-10-2025;9486,33;8399,8;7829,37;17793,87;6852,38;13624,57;17885,41;25623,24;
27-10-2025;9488,67;8411,95;7829,37;17795,93;6852,53;13631,94;17900,62;25625,30;
28-10-2025;9490,86;8421,9;7829,37;17800,11;6852,80;13638,14;17911,95;25629,48;
29-10-2025;9493,10;8431,35;7829,37;17801,6;6853,12;13641,34;17924,45;25630,43;
30-10-2025;9494,97;8438,70;7829,37;17813,61;6853,48;13658,43;17933,67;25642,98;
31-10-2025;9497,21;8449,70;7829,37;17814,83;6853,63;13663,65;17946,91;25644,20;
01-11-2025;9511,43;8449,70;7829,77;17814,83;6854,6;13665,66;17961,13;25644,60;
02-11-2025;9518,57;8449,70;7836,98;17814,83;6854,20;13675,77;17968,27;25651,81;
03-11-2025;9520,67;8461,3;7836,98;17815,86;6854,46;13679,13;17981,70;25652,84;
04-11-2025;9522,92;8468,59;7836,98;17823,29;6854,74;13689,45;17991,51;25660,27;
05-11-2025;9525,19;8476,16;7836,98;17831,59;6854,89;13700,13;18001,35;25668,57;
06-11-2025;9527,58;8484,11;7836,98;17838,65;6855,31;13709,55;18011,69;25675,63;
07-11-2025;9529,87;8491,90;7836,98;17851,25;6855,43;13726,63;18021,77;25688,23;
08-11-2025;9539,32;8491,90;7847,38;17851,25;6856,4;13739,44;18031,22;25698,63;
09-11-2025;9547,18;8491,90;7856,77;17851,25;6856,22;13752,52;18039,8;25708,2;
10-11-2025;9549,33;8500,21;7856,77;17856,13;6856,53;13759,90;18049,54;25712,90;
11-11-2025;9551,74;8509,52;7856,77;17858,64;6856,87;13764,61;18061,26;25715,41;
12-11-2025;9554,1;8516,86;7856,77;17868,71;6857,1;13778,81;18070,87;25725,48;
13-11-2025;9556,30;8531,15;7856,77;17868,95;6857,35;13780,3;18087,45;25725,72;
14-11-2025;9558,59;8542,81;7856,77;17868,95;6857,49;13780,89;18101,40;25725,72;
15-11-2025;9572,47;8542,81;7856,77;17868,95;6857,98;13781,40;18115,28;25725,72;
16-11-2025;9580,75;8542,81;7857,2;17868,95;6858,18;13782,50;18123,56;25725,97;
17-11-2025;9583,57;8554,24;7857,2;17874,7;6858,39;13791,70;18137,81;25731,9;
18-11-2025;9585,91;8568,50;7857,2;17875,60;6859,4;13795,9;18154,41;25732,62;
19-11-2025;9588,84;8588,0;7857,2;17876,17;6859,60;13798,81;18176,84;25733,19;
20-11-2025;9592,65;8605,65;7857,2;17876,23;6860,86;13800,92;18198,30;25733,25;
21-11-2025;9595,4;8618,30;7857,2;17883,31;6862,4;13815,50;18213,34;25740,33;
22-11-2025;9614,59;8618,30;7860,74;17883,31;6864,6;13825,57;18232,89;25744,5;
23-11-2025;9646,61;8618,30;7860,74;17883,31;6866,93;13826,57;18264,91;25744,5;
24-11-2025;9650,39;8635,82;7860,74;17884,94;6868,66;13833,26;18286,21;25745,68;
25-11-2025;9652,91;8652,65;7860,74;17887,59;6870,24;13838,74;18305,56;25748,33;
26-11-2025;9655,49;8667,66;7860,74;17892,96;6871,80;13848,62;18323,15;25753,70;
27-11-2025;9657,84;8690,6;7860,74;17892,96;6873,40;13849,9;18347,90;25753,70;
28-11-2025;9659,82;8711,62;7860,74;17892,97;6874,74;13850,46;18371,44;25753,71;
29-11-2025;9678,87;8711,62;7861,7;17892,97;6875,71;13852,16;18390,49;25754,4;
30-11-2025;9692,16;8711,62;7862,63;17892,97;6876,58;13856,19;18403,78;25755,60;
01-12-2025;9694,34;8731,22;7862,63;17893,3;6877,93;13858,12;18425,56;25755,66;
02-12-2025;9697,5;8747,32;7862,63;17894,54;6879,27;13861,95;18444,37;25757,17;
03-12-2025;9700,6;8767,88;7862,63;17894,55;6880,43;13863,23;18467,94;25757,18;
04-12-2025;9704,10;8780,73;7862,63;17899,52;6881,67;13872,27;18484,83;25762,15;
05-12-2025;9706,96;8797,80;7862,63;17900,3;6882,74;13875,54;18504,76;25762,66;
06-12-2025;9726,69;8797,80;7862,91;17900,3;6883,69;13877,56;18524,49;25762,94;
07-12-2025;9743,91;8797,80;7862,94;17900,3;6884,31;13878,63;18541,71;25762,97;
08-12-2025;9746,51;8813,67;7862,94;17900,3;6884,71;13879,14;18560,18;25762,97;
09-12-2025;9749,32;8824,21;7862,94;17900,75;6885,23;13881,8;18573,53;25763,69;
10-12-2025;9752,15;8834,24;7862,94;17901,10;6885,49;13883,15;18586,39;25764,4;
11-12-2025;9754,42;8847,60;7862,94;17905,26;6886,2;13891,42;18602,2;25768,20;
12-12-2025;9756,50;8852,57;7862,94;17905,27;6886,49;13892,6;18609,7;25768,21;
13-12-2025;9766,57;8852,57;7864,40;17905,27;6887,16;13897,25;18619,14;25769,67;
14-12-2025;9791,56;8852,57;7864,40;17905,27;6887,80;13897,67;18644,13;25769,67;
15-12-2025;9794,40;8867,90;7864,40;17908,45;6888,52;13903,58;18662,30;25772,85;
16-12-2025;9797,25;8881,30;7864,40;17910,53;6889,9;13907,49;18678,55;25774,93;
17-12-2025;9800,1;8896,36;7864,40;17910,53;6889,52;13908,51;18696,37;25774,93;
18-12-2025;9802,96;8915,5;7864,40;17910,81;6890,27;13911,13;18718,1;25775,21;
19-12-2025;9805,85;8930,55;7864,40;17911,43;6890,66;13913,39;18736,40;25775,83;
20-12-2025;9824,26;8930,55;7864,61;17911,43;6891,48;13915,65;18754,81;25776,4;
21-12-2025;9838,2;8930,55;7868,15;17911,43;6892,5;13922,73;18768,57;25779,58;
22-12-2025;9843,62;8940,0;7868,15;17914,65;6892,78;13929,60;18783,62;25782,80;
23-12-2025;9847,31;8962,79;7868,15;17914,65;6893,92;13930,6;18810,10;25782,80;
24-12-2025;9851,92;8979,31;7868,15;17920,19;6895,95;13944,57;18831,23;25788,34;
25-12-2025;9885,35;8979,31;7871,84;17920,19;6901,21;13958,63;18864,66;25792,3;
26-12-2025;9903,58;8979,31;7880,82;17920,19;6904,19;13972,32;18882,89;25801,1;
27-12-2025;9934,43;8979,31;7881,4;17920,19;6907,22;13975,79;18913,74;25801,23;
28-12-2025;9953,36;8979,31;7885,45;17920,19;6908,98;13987,98;18932,67;25805,64;
29-12-2025;9957,71;9005,77;7885,45;17920,19;6910,85;13988,64;18963,48;25805,64;
30-12-2025;9961,94;9023,4;7885,45;17924,87;6912,61;14001,60;18984,98;25810,32;
31-12-2025;9965,26;9041,6;7885,45;17926,21;6915,12;14006,53;19006,32;25811,66;
01-01-2026;9997,66;9041,6;7885,45;17926,21;6917,33;14006,91;19038,72;25811,66;
02-01-2026;10000,84;9059,65;7885,45;17928,35;6919,53;14013,94;19060,49;25813,80;
03-01-2026;10030,45;9059,65;7885,81;17928,35;6921,38;14016,29;19090,10;25814,16;
04-01-2026;10053,45;9059,65;7889,99;17928,35;6923,5;14028,41;19113,10;25818,34;
05-01-2026;10060,2;9084,78;7889,99;17928,35;6925,11;14028,92;19144,80;25818,34;
06-01-2026;10067,23;9107,0;7889,99;17931,27;6927,87;14037,87;19174,23;25821,26;
07-01-2026;10074,61;9138,95;7889,99;17931,27;6931,16;14037,99;19213,56;25821,26;
08-01-2026;10080,69;9162,66;7889,99;17931,73;6933,85;14042,23;19243,35;25821,72;
09-01-2026;10084,88;9193,47;7889,99;17931,73;6936,48;14042,97;19278,35;25821,72;
10-01-2026;10114,90;9193,47;7889,99;17931,73;6939,94;14043,43;19308,37;25821,72;
11-01-2026;10154,32;9193,47;7889,99;17931,73;6943,16;14044,94;19347,79;25821,72;
12-01-2026;10160,62;9217,47;7889,99;17931,73;6946,18;14045,77;19378,9;25821,72;
13-01-2026;10163,92;9236,65;7889,99;17931,75;6947,85;14046,97;19400,57;25821,74;
14-01-2026;10167,22;9248,13;7889,99;17940,59;6949,15;14061,66;19415,35;25830,58;
15-01-2026;10170,10;9264,37;7889,99;17940,59;6950,36;14062,71;19434,47;25830,58;
16-01-2026;10173,31;9278,18;7889,99;17942,78;6951,41;14069,81;19451,49;25832,77;
17-01-2026;10187,23;9278,18;7894,81;17942,78;6952,46;14080,19;19465,41;25837,59;
18-01-2026;10200,33;9278,18;7899,71;17942,78;6953,52;14093,58;19478,51;25842,49;
19-01-2026;10203,28;9292,36;7899,71;17944,94;6955,27;14100,22;19495,64;25844,65;
20-01-2026;10206,75;9306,56;7899,71;17949,15;6957,25;14114,0;19513,31;25848,85;
21-01-2026;10210,9;9319,99;7899,71;17952,83;6958,69;14121,50;19530,8;25852,54;
22-01-2026;10213,67;9337,76;7899,71;17954,61;6960,55;14128,86;19551,42;25854,32;
23-01-2026;10216,49;9354,13;7899,71;17956,50;6961,98;14134,93;19570,62;25856,21;
24-01-2026;10229,21;9354,13;7909,97;17956,50;6963,91;14151,64;19583,33;25866,47;
25-01-2026;10243,81;9354,13;7917,67;17956,50;6966,1;14166,35;19597,94;25874,17;
26-01-2026;10248,75;9376,6;7917,67;17956,79;6968,58;14168,64;19624,81;25874,47;
27-01-2026;10255,20;9396,78;7917,67;17956,81;6970,97;14170,26;19651,98;25874,48;
28-01-2026;10259,08;9413,52;7917,67;17956,81;6972,76;14171,31;19672,60;25874,48;
29-01-2026;10261,59;9415,82;7917,67;17956,81;6973,77;14171,35;19677,41;25874,48;
30-01-2026;10266,63;9456,18;7917,67;17959,85;6977,68;14182,13;19722,81;25877,52;
31-01-2026;10286,57;9456,18;7918,84;17959,85;6979,47;14186,83;19742,75;25878,69;
01-02-2026;10309,44;9456,18;7919,05;17959,85;6981,01;14190,41;19765,62;25878,90;
2-2-2026;10312,12;9469,04;7919,05;17962,63;6982,67;14195,46;19781,16;25881,68
3-2-2026;10315,29;9488,46;7919,05;17962,75;6985,14;14196,89;19803,75;25881,79
4-2-2026;10318,09;9500,22;7919,05;17973,48;6986,8;14214;19818,31;25892,53
5-2-2026;10320,41;9514,54;7919,05;17974,29;6988,86;14219,29;19834,95;25893,34
6-2-2026;10323,71;9539,9;7919,05;17974,33;6990,31;14221,27;19863,61;25893,38
7-2-2026;10335,56;9539,9;7926,65;17974,33;6991,74;14235,03;19875,46;25900,99
8-2-2026;10345,6;9539,9;7935,64;17974,33;6992,83;14251,61;19885,5;25909,97
9-2-2026;10348,43;9558,47;7935,64;17974,38;6994,48;14253,57;19906,9;25910,02
10-2-2026;10351,22;9574,51;7935,64;17974,43;6996,36;14255,74;19925,73;25910,07
11-2-2026;10353,87;9590,56;7935,64;17974,45;6997,44;14257,45;19944,43;25910,09
12-2-2026;10356,62;9606,67;7935,64;17975;6998,85;14260,78;19963,29;25910,64
13-2-2026;10359,56;9622,76;7935,64;17976,44;7000,73;14266,42;19982,32;25912,08
14-2-2026;10375,88;9622,76;7945,19;17976,44;7004,17;14281,65;19998,63;25921,63
15-2-2026;10396,66;9622,76;7948,29;17976,44;7007,07;14292,87;20019,41;25924,72
16-2-2026;10400,66;9636,3;7948,29;17981,32;7009,37;14303,17;20036,96;25929,61
17-2-2026;10403,45;9654,09;7948,29;17985,45;7011,6;14312,47;20057,55;25933,74
18-2-2026;10407,1;9666,58;7948,29;17992,88;7013,9;14327,07;20073,68;25941,17
19-2-2026;10410,08;9685,73;7948,29;17992,94;7016,14;14329,53;20095,8;25941,23
20-2-2026;10413,16;9712,36;7948,29;17993,4;7018,01;14333,08;20125,52;25941,69
21-2-2026;10432,62;9712,36;7948,47;17993,4;7019,6;14336,39;20144,98;25941,87
22-2-2026;10446,26;9712,36;7948,82;17993,4;7020,17;14337,67;20158,62;25942,23
23-2-2026;10448,83;9723,17;7948,82;17999,11;7021,16;14348,44;20171,99;25947,93
24-2-2026;10451,45;9734,95;7948,82;17999,21;7021,82;14350,64;20186,4;25948,03
25-2-2026;10453,6;9740,14;7948,82;18017,8;7022,22;14373,56;20193,73;25966,62
26-2-2026;10456,34;9747,52;7948,82;18030,71;7022,69;14393,08;20203,86;25979,53
27-2-2026;10458,95;9756,52;7948,82;18032,26;7023;14398,55;20215,47;25981,09
28-2-2026;10462,87;9756,52;7948,82;18032,26;7023,3;14398,63;20219,4;25981,09
28-2-2026;10473,17;9756,52;7948,99;18032,26;7023,72;14401,61;20229,69;25981,25
1-3-2026;10483,89;9756,52;7956,99;18032,26;7024,43;14416,83;20240,41;25989,26
2-3-2026;10486,67;9762,72;7956,99;18050,86;7025,15;14440,82;20249,39;26007,85
3-3-2026;10489,46;9768,34;7956,99;18068,95;7026,2;14462,79;20257,8;26025,94
4-3-2026;10492,49;9775,05;7956,99;18086,38;7027,09;14483,97;20267,53;26043,37
5-3-2026;10495,1;9780,68;7956,99;18103,41;7027,85;14507,47;20275,77;26060,4
6-3-2026;10497,4;9789,24;7956,99;18114,26;7028,26;14521,57;20286,64;26071,26
7-3-2026;10505,01;9789,24;7959,53;18114,26;7029,15;14528,2;20294,25;26073,79
8-3-2026;10517,48;9789,24;7967,21;18114,26;7029,69;14539,94;20306,73;26081,47
9-3-2026;10520,03;9795,23;7967,21;18127,95;7030,27;14559,36;20315,26;26095,16
10-3-2026;10522,38;9803,5;7967,21;18130,69;7030,89;14566,17;20325,88;26097,9
11-3-2026;10525,13;9814,52;7967,21;18133,19;7031,39;14574,27;20339,65;26100,39
12-3-2026;10528;9821,1;7967,21;18144,27;7032,05;14592,82;20349,11;26111,48
13-3-2026;10530,91;9836,51;7967,21;18144,31;7032,71;14595,84;20367,42;26111,52
14-3-2026;10545,33;9836,51;7973,41;18144,31;7033,89;14608,14;20381,84;26117,72
15-3-2026;10553,1;9836,51;7990,56;18144,31;7035,1;14634,47;20389,61;26134,87
16-3-2026;10555,9;9842,64;7990,56;18158,03;7036,04;14655,04;20398,54;26148,59
17-3-2026;10558,67;9848,09;7990,56;18170,34;7036,72;14672,41;20406,76;26160,89
18-3-2026;10561,27;9851,66;7990,56;18190,25;7037,17;14699,17;20412,93;26180,8
19-3-2026;10563,9;9855,48;7990,56;18210,24;7037,6;14724,41;20419,37;26200,8
20-3-2026;10566,86;9861,26;7990,56;18226,17;7038,05;14746,58;20428,12;26216,72
21-3-2026;10572,66;9861,26;8004,9;18226,17;7039,01;14766,78;20433,91;26231,07
22-3-2026;10579,95;9861,26;8023,38;18226,17;7039,73;14792,1;20441,21;26249,55
23-3-2026;10582,63;9865,83;8023,38;18240,38;7040,43;14811,46;20448,47;26263,76
24-3-2026;10585,26;9871,59;8023,38;18248,12;7040,95;14824,36;20456,85;26271,5
25-3-2026;10588,11;9878,61;8023,38;18255,65;7041,39;14838,52;20466,72;26279,03
26-3-2026;10590,92;9886,05;8023,38;18268,18;7042,4;14858,95;20476,97;26291,56
27-3-2026;10594;9897,27;8023,38;18273,41;7043,48;14870,55;20491,27;26296,79
28-3-2026;10603,25;9897,27;8037,14;18273,41;7044,86;14888,71;20500,52;26310,54
29-3-2026;10614,25;9897,28;8048,35;18273,41;7045,87;14906,27;20511,53;26321,76
30-3-2026;10617,05;9904,41;8048,35;18283,41;7047,06;14925,23;20521,46;26331,76
31-03-2026;10620,26;9910,03;8048,35;18295,58;7048,19;14943,57;20530,28;26343,93
01-04-2026;10621,43;9913,88;8048,35;18304,20;7048,77;14957,07;20535,31;26352,55
01-04-2026;10622,52;9916,36;8048,35;18305,88;7048,84;14961,01;20538,88;26354,22
02-04-2026;10625,32;9929,36;8048,35;18307,87;7049,43;14967,22;20554,68;26356,22
03-04-2026;10629,00;9939,30;8048,35;18313,28;7050,03;14977,97;20568,29;26361,63
04-04-2026;10637,54;9939,30;8058,01;18313,28;7050,71;14993,53;20576,84;26371,29
05-04-2026;10645,77;9939,30;8067,58;18313,28;7050,94;15009,62;20585,06;26380,86
"06-04-2026";"10650,46";"9939,30";"8089,36";"18313,28";"7051,41";"15035,91";"20589,76";"26402,64"
"07-04-2026";"10652,80";"9942,32";"8089,36";"18336,72";"7052,14";"15064,16";"20595,12";"26426,08"
"08-04-2026";"10655,02";"9944,67";"8089,36";"18359,78";"7052,48";"15091,18";"20599,70";"26449,14"
"09-04-2026";"10657,05";"9947,02";"8089,36";"18374,61";"7052,76";"15109,63";"20604,07";"26463,97"
"10-04-2026";"10659,37";"9950,14";"8089,36";"18381,97";"7052,99";"15123,16";"20609,51";"26471,33"
"11-04-2026";"10666,57";"9950,14";"8095,14";"18381,97";"7053,65";"15132,89";"20616,70";"26477,11"
"12-04-2026";"10671,29";"9950,14";"8112,63";"18381,97";"7053,99";"15157,22";"20621,43";"26494,60"
"13-04-2026";"10673,31";"9954,79";"8112,63";"18390,19";"7054,34";"15170,87";"20628,10";"26502,82"
"14-04-2026";"10675,34";"9957,13";"8112,63";"18407,52";"7054,63";"15194,79";"20632,47";"26520,15"
"15-04-2026";"10677,60";"9960,49";"8112,63";"18427,05";"7054,99";"15218,20";"20638,09";"26539,68"
